0.009,-0.06,0.00,-0.19
0.020,-0.02,0.00,-0.28
0.023,0.06,-0.02,-0.20
0.036,0.05,-0.01,-0.28
0.045,-0.03,-0.04,-0.25
0.078,-0.00,0.05,-0.21
0.079,-0.02,0.03,-0.25
0.080,0.04,-0.02,-0.23
0.083,0.04,-0.05,-0.26
0.092,0.02,0.00,-0.25
0.102,0.01,0.00,-0.30
0.114,-0.04,-0.03,-0.26
0.122,0.01,0.03,-0.26
0.141,-0.00,-0.02,-0.21
0.144,-0.03,0.02,-0.23
0.153,0.03,-0.01,-0.23
0.162,0.04,-0.02,-0.29
0.190,-0.00,-0.01,-0.30
0.191,0.01,-0.01,-0.26
0.193,-0.00,0.01,-0.24
0.201,0.03,-0.02,-0.22
0.211,0.01,-0.01,-0.25
0.221,-0.00,0.04,-0.25
0.241,-0.02,-0.01,-0.24
0.243,0.01,-0.02,-0.26
0.253,-0.01,0.01,-0.20
0.261,0.04,-0.02,-0.26
0.286,-0.02,-0.01,-0.28
0.287,-0.04,-0.03,-0.24
0.293,-0.02,-0.00,-0.24
0.301,-0.05,-0.01,-0.23
0.310,0.01,0.01,-0.20
0.320,0.05,0.01,-0.24
0.339,0.03,0.01,-0.26
0.341,0.01,0.02,-0.20
0.354,0.00,-0.01,-0.26
0.361,-0.02,-0.00,-0.27
0.393,0.00,-0.02,-0.25
0.394,-0.01,0.01,-0.24
0.395,-0.02,-0.00,-0.21
0.399,-0.01,-0.00,-0.25
0.409,-0.03,0.01,-0.25
0.419,-0.02,0.03,-0.24
0.445,0.00,0.01,-0.25
0.449,0.00,-0.03,-0.24
0.452,-0.03,-0.00,-0.20
0.459,0.02,-0.04,-0.27
0.490,-0.02,-0.03,-0.34
0.491,-0.03,0.02,-0.23
0.495,0.00,-0.00,-0.23
0.498,0.00,-0.01,-0.24
0.508,0.00,0.03,-0.20
0.518,0.00,-0.00,-0.27
0.528,-0.02,-0.01,-0.22
0.544,-0.04,-0.00,-0.19
0.549,-0.00,0.01,-0.27
0.558,0.01,0.02,-0.27
0.583,0.03,-0.03,-0.27
0.585,-0.03,-0.01,-0.19
0.587,-0.01,-0.01,-0.25
0.597,0.04,0.05,-0.21
0.607,0.02,-0.01,-0.25
0.617,0.02,0.01,-0.22
0.627,0.05,-0.03,-0.25
0.643,-0.01,-0.03,-0.33
0.647,0.04,-0.04,-0.26
0.686,-0.01,-0.01,-0.29
0.687,-0.03,-0.02,-0.22
0.688,-0.03,0.04,-0.23
0.689,-0.03,-0.00,-0.32
0.697,0.00,-0.02,-0.26
0.706,0.00,0.01,-0.22
0.716,-0.03,-0.00,-0.24
0.726,-0.04,-0.04,-0.26
0.741,0.01,-0.00,-0.20
0.789,0.03,0.02,-0.25
0.790,0.03,-0.03,-0.25
0.791,0.10,0.02,-0.26
0.792,0.06,0.01,-0.23
0.793,-0.06,0.02,-0.25
0.796,0.00,0.01,-0.25
0.805,-0.03,-0.03,-0.22
0.824,-0.03,-0.00,-0.27
0.830,-0.01,-0.01,-0.23
0.869,0.01,-0.00,-0.20
0.870,0.06,-0.01,-0.27
0.871,0.00,-0.03,-0.28
0.871,-0.03,0.02,-0.26
0.874,0.02,-0.03,-0.26
0.885,0.02,-0.01,-0.24
0.894,0.05,0.03,-0.24
0.905,0.01,-0.01,-0.30
0.915,-0.00,-0.00,-0.27
0.924,0.04,-0.02,-0.24
0.941,0.01,-0.00,-0.27
0.991,-0.02,-0.00,-0.26
0.993,-0.02,-0.00,-0.26
0.994,-0.06,0.03,-0.24
0.996,-0.05,-0.00,-0.23
0.997,-0.04,-0.01,-0.21
1.008,0.02,-0.03,-0.24
1.009,0.00,-0.08,-0.25
1.015,0.03,-0.05,-0.20
1.023,0.07,-0.00,-0.35
1.035,0.01,0.05,-0.17
1.043,-0.03,0.05,-0.19
1.057,0.01,0.02,-0.29
1.113,-0.01,0.01,-0.18
1.115,0.04,-0.04,-0.24
1.117,0.01,-0.09,-0.34
1.118,0.04,-0.06,-0.20
1.120,-0.05,-0.06,-0.21
1.122,-0.04,-0.00,-0.22
1.123,-0.03,0.05,-0.22
1.134,-0.03,0.04,-0.24
1.142,0.03,0.02,-0.25
1.162,0.00,-0.00,-0.29
1.166,0.04,-0.03,-0.26
1.171,-0.01,-0.04,-0.26
1.205,-0.03,-0.04,-0.25
1.207,0.01,-0.02,-0.24
1.208,0.09,0.03,-0.22
1.211,0.08,0.04,-0.28
1.221,0.01,0.05,-0.30
1.241,-0.01,0.02,-0.25
1.249,-0.05,-0.02,-0.29
1.251,-0.01,-0.02,-0.26
1.262,0.01,-0.01,-0.25
1.280,-0.01,-0.03,-0.27
1.282,0.01,-0.00,-0.32
1.290,-0.02,0.00,-0.25
1.300,-0.03,0.02,-0.20
1.310,0.00,0.04,-0.24
1.320,-0.01,0.00,-0.21
1.330,0.03,-0.02,-0.18
1.344,0.05,-0.01,-0.23
1.381,0.03,-0.02,-0.28
1.383,0.03,-0.02,-0.21
1.384,-0.04,-0.02,-0.26
1.385,-0.01,0.03,-0.28
1.389,-0.06,-0.00,-0.25
1.399,0.01,0.02,-0.25
1.409,0.05,0.03,-0.27
1.419,0.01,0.02,-0.29
1.429,-0.01,0.00,-0.24
1.453,-0.02,0.00,-0.22
1.456,-0.05,-0.03,-0.23
1.458,0.01,-0.05,-0.28
1.483,-0.01,-0.06,-0.27
1.484,0.01,-0.01,-0.24
1.488,-0.00,0.01,-0.27
1.498,0.01,0.04,-0.26
1.508,0.00,0.03,-0.22
1.518,-0.01,0.03,-0.26
1.528,0.01,-0.03,-0.24
1.543,-0.01,-0.03,-0.25
1.580,0.02,-0.06,-0.27
1.582,0.02,-0.04,-0.27
1.583,-0.04,-0.05,-0.22
1.584,-0.01,0.01,-0.29
1.588,-0.02,0.01,-0.26
1.597,-0.01,0.03,-0.21
1.607,0.01,0.01,-0.20
1.617,-0.02,-0.03,-0.24
1.627,-0.04,-0.01,-0.26
1.637,-0.01,-0.05,-0.26
1.647,0.00,-0.03,-0.20
1.664,-0.02,-0.04,-0.26
1.667,0.03,0.02,-0.23
1.677,0.04,0.02,-0.27
1.706,0.01,0.02,-0.24
1.708,0.00,0.05,-0.23
1.709,-0.04,-0.03,-0.26
1.718,-0.06,0.00,-0.27
1.726,-0.05,-0.05,-0.21
1.736,0.03,-0.04,-0.32
1.745,0.00,0.01,-0.26
1.766,0.00,0.01,-0.24
1.768,-0.02,0.02,-0.20
1.775,0.00,0.03,-0.25
1.810,-0.01,0.00,-0.27
1.812,0.05,-0.03,-0.29
1.814,0.02,-0.03,-0.34
1.817,0.04,-0.03,-0.25
1.825,-0.01,-0.01,-0.20
1.844,-0.02,-0.03,-0.26
1.848,-0.06,-0.02,-0.20
1.877,-0.04,-0.00,-0.27
1.878,-0.02,0.02,-0.26
1.879,0.02,-0.02,-0.21
1.890,0.01,-0.02,-0.25
1.894,-0.04,-0.00,-0.25
1.904,0.02,-0.04,-0.27
1.915,-0.03,0.02,-0.27
1.924,-0.01,0.02,-0.20
1.953,0.06,-0.02,-0.21
1.960,0.05,-0.04,-0.26
1.964,0.00,-0.01,-0.23
1.966,-0.01,-0.01,-0.23
2.000,-0.01,-0.04,-0.31
2.006,-0.06,-0.04,-0.33
2.007,-0.03,-0.02,-0.27
2.008,0.00,-0.01,-0.28
2.013,0.02,-0.01,-0.21
2.027,-0.05,-0.01,-0.25
2.033,0.00,-0.02,-0.22
2.042,0.01,0.01,-0.26
2.067,0.01,-0.00,-0.21
2.068,0.02,-0.00,-0.24
2.074,0.01,-0.03,-0.32
2.083,0.02,-0.03,-0.31
2.092,0.02,-0.03,-0.24
2.102,-0.02,-0.00,-0.32
2.112,-0.04,0.02,-0.31
2.121,0.00,0.01,-0.20
2.132,-0.04,0.01,-0.27
2.147,0.00,0.01,-0.25
2.188,0.03,-0.02,-0.28
2.189,-0.01,0.04,-0.29
2.190,0.05,-0.01,-0.17
2.191,-0.03,-0.00,-0.23
2.192,-0.02,-0.01,-0.25
2.203,0.00,0.01,-0.33
2.211,0.04,-0.01,-0.30
2.221,0.00,0.01,-0.27
2.231,0.00,-0.00,-0.20
2.246,-0.01,-0.01,-0.21
2.257,-0.05,0.02,-0.24
2.291,-0.02,0.01,-0.32
2.293,-0.01,-0.00,-0.22
2.294,-0.03,-0.02,-0.18
2.296,0.02,0.01,-0.26
2.301,-0.01,-0.01,-0.23
2.310,-0.02,0.01,-0.28
2.321,-0.04,-0.06,-0.24
2.329,-0.01,0.02,-0.28
2.346,0.01,-0.00,-0.31
2.350,0.00,0.01,-0.30
2.380,-0.01,-0.00,-0.23
2.381,0.01,0.01,-0.22
2.382,-0.01,-0.00,-0.22
2.390,-0.04,0.01,-0.27
2.399,0.00,0.01,-0.24
2.409,0.00,-0.04,-0.17
2.420,0.00,-0.00,-0.24
2.429,0.00,-0.01,-0.24
2.439,-0.03,0.02,-0.24
2.453,-0.05,-0.02,-0.28
2.469,-0.02,0.01,-0.22
2.475,0.00,0.01,-0.21
2.478,0.03,-0.01,-0.23
2.533,-0.01,-0.00,-0.20
2.535,-0.01,-0.03,-0.28
2.536,0.02,-0.05,-0.25
2.537,-0.02,-0.05,-0.25
2.538,-0.02,-0.01,-0.20
2.540,0.00,0.03,-0.23
2.548,0.02,-0.03,-0.22
2.558,0.01,-0.01,-0.24
2.568,-0.04,-0.00,-0.26
2.580,0.01,-0.01,-0.21
2.617,0.00,-0.00,-0.24
2.618,-0.01,-0.03,-0.26
2.620,0.00,-0.02,-0.26
2.621,-0.01,-0.02,-0.21
2.627,-0.01,0.01,-0.26
2.646,-0.02,-0.01,-0.21
2.647,0.05,0.02,-0.23
2.656,-0.03,-0.00,-0.20
2.667,-0.04,0.04,-0.22
2.695,-0.02,-0.04,-0.25
2.697,0.01,-0.03,-0.27
2.698,0.02,-0.02,-0.25
2.707,-0.03,0.02,-0.27
2.716,-0.02,0.02,-0.19
2.726,0.01,-0.05,-0.23
2.758,-0.03,-0.01,-0.24
2.760,0.00,-0.01,-0.22
2.761,0.01,-0.02,-0.21
2.766,0.03,0.03,-0.20
2.797,0.00,0.02,-0.25
2.798,-0.03,0.01,-0.28
2.799,0.00,-0.00,-0.19
2.805,-0.03,-0.01,-0.22
2.815,0.00,-0.01,-0.29
2.825,0.03,-0.00,-0.26
2.835,-0.03,-0.00,-0.31
2.859,-0.01,0.01,-0.22
2.863,0.03,-0.00,-0.27
2.874,0.01,0.02,-0.28
2.876,0.01,0.03,-0.24
2.897,-0.02,-0.01,-0.24
2.898,-0.02,-0.03,-0.28
2.916,0.03,-0.01,-0.27
2.918,0.03,-0.02,-0.24
2.924,0.05,-0.00,-0.22
2.934,0.00,-0.02,-0.27
2.946,0.01,-0.03,-0.28
2.990,0.00,-0.03,-0.20
2.992,0.01,-0.04,-0.26
2.999,-0.02,-0.04,-0.27
3.001,0.00,0.04,-0.23
3.002,-0.01,-0.00,-0.19
3.003,-0.01,0.01,-0.22
3.012,0.01,-0.01,-0.29
3.023,0.01,-0.01,-0.23
3.032,0.01,-0.06,-0.26
3.051,-0.01,-0.00,-0.23
3.075,-0.03,0.01,-0.28
3.077,0.04,-0.00,-0.23
3.078,0.02,-0.00,-0.24
3.083,0.00,0.02,-0.24
3.092,0.02,-0.02,-0.25
3.102,0.01,-0.00,-0.27
3.112,0.00,-0.03,-0.31
3.122,0.03,-0.01,-0.21
3.131,0.01,0.03,-0.23
3.152,-0.03,-0.01,-0.20
3.163,-0.02,-0.01,-0.29
3.165,-0.01,-0.02,-0.28
3.196,0.02,-0.00,-0.20
3.198,0.02,-0.01,-0.29
3.200,0.03,0.02,-0.24
3.202,0.01,0.01,-0.28
3.211,-0.01,-0.02,-0.21
3.222,0.04,-0.01,-0.27
3.230,-0.01,-0.00,-0.23
3.241,0.02,-0.03,-0.25
3.250,0.03,-0.04,-0.28
3.272,0.01,-0.03,-0.22
3.275,0.00,0.02,-0.26
3.282,-0.01,0.01,-0.29
3.299,-0.01,0.01,-0.24
3.301,-0.02,-0.01,-0.25
3.310,0.01,-0.04,-0.25
3.320,0.00,-0.04,-0.27
3.329,0.01,0.03,-0.27
3.348,-0.05,-0.04,-0.27
3.351,0.01,-0.00,-0.26
3.386,-0.02,0.04,-0.26
3.389,0.04,0.05,-0.25
3.391,0.00,0.02,-0.28
3.392,0.03,-0.00,-0.20
3.399,0.04,-0.02,-0.31
3.409,0.00,0.01,-0.22
3.419,0.02,-0.04,-0.25
3.429,-0.03,-0.00,-0.31
3.449,0.03,-0.01,-0.24
3.460,-0.02,-0.06,-0.23
3.469,0.02,0.01,-0.25
3.473,0.00,-0.02,-0.22
3.482,0.00,-0.04,-0.25
3.490,0.00,-0.03,-0.22
3.498,-0.03,-0.02,-0.23
3.508,0.01,0.03,-0.32
3.518,0.04,-0.03,-0.30
3.529,0.02,-0.01,-0.27
3.554,-0.01,-0.02,-0.30
3.565,0.02,0.01,-0.29
3.573,0.00,-0.03,-0.27
3.576,0.02,-0.00,-0.28
3.578,0.03,-0.06,-0.23
3.602,-0.00,0.02,-0.31
3.604,-0.02,-0.03,-0.27
3.608,-0.06,-0.00,-0.21
3.618,-0.02,-0.02,-0.25
3.627,0.02,-0.02,-0.24
3.636,0.03,0.05,-0.32
3.653,-0.00,-0.02,-0.29
3.657,0.02,-0.05,-0.27
3.667,0.04,0.01,-0.24
3.678,-0.00,0.03,-0.24
3.686,-0.01,0.04,-0.26
3.696,-0.01,-0.00,-0.25
3.706,-0.04,0.01,-0.25
3.716,0.01,0.01,-0.19
3.726,0.07,0.01,-0.30
3.736,-0.00,-0.04,-0.21
3.750,-0.00,-0.01,-0.25
3.792,-0.01,0.04,-0.22
3.794,0.03,0.01,-0.23
3.795,-0.01,0.01,-0.30
3.796,-0.03,-0.00,-0.31
3.797,0.04,-0.02,-0.21
3.807,0.04,-0.02,-0.22
3.815,-0.01,-0.01,-0.32
3.825,-0.00,-0.02,-0.23
3.836,-0.02,-0.04,-0.27
3.851,-0.03,-0.00,-0.30
3.857,-0.02,-0.03,-0.27
3.891,0.01,-0.02,-0.23
3.893,-0.03,0.01,-0.21
3.895,0.04,-0.00,-0.32
3.896,0.01,-0.01,-0.24
3.904,-0.00,0.01,-0.24
3.914,-0.01,-0.02,-0.27
3.924,-0.00,-0.02,-0.27
3.934,0.04,0.02,-0.20
3.944,0.02,-0.03,-0.19
3.955,0.02,-0.02,-0.25
3.980,-0.01,-0.01,-0.27
3.981,0.02,0.01,-0.22
4.002,-0.00,-0.00,-0.24
4.004,0.03,0.01,-0.24
4.006,-0.03,-0.02,-0.29
4.022,0.02,-0.03,-0.22
4.024,-0.00,0.03,-0.23
4.033,0.01,0.01,-0.22
4.042,0.02,-0.00,-0.21
4.052,-0.05,-0.02,-0.30
4.066,-0.00,-0.02,-0.31
4.104,-0.00,-0.02,-0.25
4.108,0.03,-0.00,-0.29
4.109,-0.00,-0.05,-0.28
4.110,-0.00,-0.00,-0.22
4.112,-0.01,0.02,-0.25
4.122,-0.00,0.02,-0.23
4.132,-0.04,-0.02,-0.27
4.152,0.01,0.01,-0.26
4.154,-0.05,0.01,-0.33
4.198,0.05,-0.00,-0.24
4.199,0.04,0.02,-0.25
4.200,-0.03,0.03,-0.25
4.201,0.04,0.03,-0.30
4.203,0.05,-0.00,-0.25
4.212,0.01,0.01,-0.24
4.221,0.01,0.05,-0.21
4.231,-0.00,-0.03,-0.24
4.258,0.03,-0.04,-0.24
4.260,0.01,-0.01,-0.25
4.265,-0.00,0.01,-0.29
4.270,0.02,-0.05,-0.24
4.288,-0.00,-0.01,-0.24
4.291,0.01,0.02,-0.34
4.300,-0.00,-0.03,-0.28
4.311,0.03,-0.01,-0.21
4.321,-0.00,0.01,-0.26
4.330,-0.00,-0.04,-0.28
4.340,-0.00,-0.01,-0.22
4.354,0.02,-0.00,-0.26
4.361,-0.02,0.02,-0.20
4.383,-0.02,0.03,-0.31
4.385,0.03,-0.04,-0.21
4.390,0.01,0.01,-0.33
4.399,0.03,-0.02,-0.20
4.409,0.01,-0.02,-0.29
4.419,-0.02,0.02,-0.22
4.428,0.01,-0.03,-0.31
4.440,0.01,-0.03,-0.28
4.461,-0.02,-0.03,-0.20
4.464,0.03,0.01,-0.27
4.469,-0.01,-0.01,-0.25
4.489,0.04,0.01,-0.20
4.492,-0.00,-0.01,-0.28
4.498,0.02,0.02,-0.27
4.509,-0.05,-0.05,-0.24
4.518,-0.02,-0.02,-0.24
4.528,-0.00,0.02,-0.26
4.538,0.01,-0.02,-0.17
4.560,-0.00,-0.00,-0.22
4.569,0.02,-0.01,-0.29
4.572,0.02,-0.03,-0.27
4.589,0.02,-0.00,-0.23
4.593,0.03,0.02,-0.28
4.596,0.04,-0.01,-0.31
4.607,0.00,-0.01,-0.22
4.617,-0.02,-0.01,-0.29
4.627,0.01,-0.01,-0.28
4.637,-0.01,-0.01,-0.23
4.657,0.01,-0.03,-0.31
4.662,-0.02,-0.01,-0.24
4.668,-0.02,0.04,-0.22
4.685,0.01,-0.02,-0.23
4.687,-0.03,-0.00,-0.26
4.697,0.04,0.01,-0.26
4.706,0.04,-0.01,-0.23
4.716,0.01,0.02,-0.30
4.727,0.02,-0.03,-0.27
4.736,-0.03,-0.03,-0.24
4.747,-0.01,-0.03,-0.24
4.756,-0.01,-0.04,-0.23
4.781,-0.02,-0.01,-0.23
4.784,-0.02,-0.01,-0.27
4.788,-0.04,0.04,-0.24
4.798,-0.05,0.03,-0.23
4.805,-0.01,0.01,-0.25
4.815,-0.02,-0.00,-0.21
4.827,-0.03,0.01,-0.21
4.834,-0.00,-0.01,-0.27
4.845,-0.01,-0.00,-0.27
4.854,0.03,-0.01,-0.33
4.878,0.04,-0.00,-0.29
4.886,0.03,0.02,-0.32
4.888,0.04,-0.03,-0.24
4.903,0.03,0.01,-0.26
4.905,0.01,-0.00,-0.26
4.914,-0.00,-0.05,-0.23
4.924,0.02,-0.01,-0.20
4.934,-0.00,0.01,-0.27
4.955,-0.04,-0.05,-0.32
4.975,-0.08,-0.00,-0.28
4.976,-0.05,0.02,-0.27
4.977,-0.05,-0.05,-0.25
4.983,-0.04,-0.03,-0.21
4.995,0.03,0.02,-0.23
5.004,-0.01,-0.01,-0.29
5.013,0.03,-0.01,-0.24
5.023,0.05,0.03,-0.22
5.033,0.02,0.04,-0.33
5.056,0.04,-0.03,-0.30
5.059,-0.03,-0.02,-0.24
5.086,0.01,-0.02,-0.31
5.089,0.01,-0.00,-0.28
5.090,-0.03,-0.01,-0.28
5.095,-0.03,0.03,-0.28
5.102,-0.03,0.02,-0.30
5.112,-0.00,0.02,-0.20
5.122,-0.01,-0.02,-0.28
5.131,-0.05,0.03,-0.28
5.142,0.06,-0.04,-0.32
5.163,-0.00,-0.02,-0.23
5.166,-0.01,-0.02,-0.28
5.171,0.05,-0.02,-0.28
5.183,-0.00,-0.05,-0.24
5.192,0.02,0.02,-0.25
5.201,-0.02,-0.00,-0.26
5.212,-0.02,0.01,-0.26
5.220,-0.03,-0.01,-0.27
5.231,0.04,-0.01,-0.26
5.241,-0.01,-0.02,-0.28
5.252,0.01,-0.00,-0.28
5.270,-0.01,-0.02,-0.20
5.272,-0.01,0.03,-0.27
5.280,0.04,0.03,-0.23
5.290,0.03,-0.01,-0.20
5.300,0.02,0.02,-0.32
5.311,0.07,-0.02,-0.24
5.321,0.02,-0.04,-0.24
5.330,-0.01,-0.02,-0.27
5.340,-0.04,-0.04,-0.30
5.363,0.03,-0.04,-0.20
5.365,-0.04,0.02,-0.26
5.369,-0.03,0.01,-0.21
5.393,-0.03,-0.01,-0.29
5.395,-0.00,0.02,-0.21
5.399,0.01,-0.03,-0.26
5.410,-0.04,-0.05,-0.24
5.420,0.02,0.01,-0.22
5.431,-0.03,-0.02,-0.26
5.439,0.02,-0.01,-0.29
5.448,0.01,0.03,-0.34
5.459,-0.11,-0.04,-0.18
5.475,-0.01,0.03,-0.18
5.480,-0.05,-0.02,-0.40
5.490,0.08,-0.04,-0.13
5.505,0.05,0.06,-0.20
5.510,0.12,-0.04,-0.42
5.519,0.05,-0.01,-0.22
5.528,0.01,-0.02,-0.29
5.538,-0.11,-0.00,-0.29
5.547,-0.05,0.05,-0.20
5.557,-0.02,0.05,-0.21
5.574,0.04,0.07,-0.26
5.591,0.06,-0.01,-0.29
5.593,0.00,-0.04,-0.26
5.598,0.07,-0.06,-0.28
5.607,-0.10,-0.22,-0.28
5.617,-0.32,0.25,-0.03
5.627,-0.06,-0.08,-0.13
5.637,-0.11,-0.41,-0.26
5.658,0.16,0.08,-0.44
5.660,-0.02,0.15,-0.08
5.683,0.47,-0.21,0.58
5.689,0.12,-0.02,-0.34
5.693,-0.09,0.15,-0.38
5.698,-0.15,0.11,-0.29
5.706,-0.25,-0.10,-0.18
5.716,-0.12,-0.22,-0.22
5.726,0.03,-0.25,-0.40
5.736,0.12,-0.05,-0.29
5.764,0.20,0.06,-0.41
5.766,0.28,0.20,-0.12
5.767,-0.13,0.38,-0.47
5.776,-0.28,0.22,-0.88
5.786,-0.32,-0.29,-0.18
5.797,-0.07,-0.17,0.06
5.805,-0.02,-0.37,-0.30
5.815,0.21,-0.02,-0.23
5.824,0.16,0.18,-0.45
5.835,0.24,0.09,-0.18
5.861,0.03,0.01,-0.14
5.864,-0.17,0.02,-0.31
5.865,-0.09,0.03,-0.26
5.875,-0.18,-0.03,-0.16
5.884,-0.08,-0.00,-0.21
5.894,0.08,-0.08,-0.32
5.904,0.03,-0.10,-0.42
5.914,0.05,-0.01,-0.28
5.923,0.02,0.08,-0.17
5.934,-0.11,0.13,-0.27
5.946,-0.10,0.04,-0.18
5.964,0.01,-0.04,-0.28
5.970,0.04,-0.13,-0.35
5.973,0.05,-0.09,-0.26
5.985,0.07,0.01,-0.27
5.994,0.02,0.08,-0.21
6.003,0.01,0.12,-0.25
6.014,-0.04,0.03,-0.43
6.023,-0.09,-0.00,-0.36
6.033,-0.05,-0.08,-0.20
6.043,-0.05,-0.06,-0.23
6.062,0.02,0.03,-0.27
6.068,-0.08,0.06,-0.29
6.074,-0.03,0.05,-0.26
6.086,-0.03,0.04,-0.27
6.093,-0.15,-0.03,-0.62
6.102,-0.23,-0.23,1.39
6.112,0.21,-1.06,2.42
6.122,0.56,-0.14,-0.54
6.132,0.33,0.35,0.12
6.142,-0.00,-0.13,-0.38
6.158,0.07,0.08,-0.18
6.181,-0.07,0.05,0.06
6.183,-0.05,-0.03,-0.21
6.185,0.13,0.03,-0.05
6.192,0.03,-0.04,-0.24
6.201,-0.01,0.02,-0.13
6.211,-0.05,0.03,-0.18
6.220,-0.09,-0.01,-0.26
6.234,-0.02,0.01,-0.20
6.241,0.01,0.07,-0.31
6.251,-0.04,0.11,-0.34
6.260,0.03,-0.04,-0.05
6.277,0.19,0.13,-0.21
6.282,0.11,-0.33,-0.38
6.301,-0.09,0.13,-0.18
6.304,-0.09,0.01,-0.33
6.310,0.01,0.09,-0.21
6.320,-0.01,0.02,-0.00
6.330,0.00,-0.04,-0.30
6.339,-0.01,-0.05,-0.38
6.361,-0.02,-0.05,-0.16
6.372,0.02,-0.00,-0.23
6.373,-0.04,0.05,-0.33
6.379,-0.00,0.05,-0.21
6.390,-0.01,0.07,-0.28
6.399,0.07,-0.01,-0.21
6.409,-0.03,-0.04,-0.21
6.418,-0.01,-0.05,-0.30
6.429,-0.03,-0.00,-0.29
6.438,-0.02,-0.02,-0.25
6.465,0.00,0.01,-0.25
6.471,0.04,0.05,-0.23
6.474,-0.05,0.07,-0.18
6.482,-0.03,-0.02,-0.27
6.489,-0.00,-0.04,-0.29
6.499,0.04,-0.07,-0.31
6.508,-0.01,-0.07,-0.21
6.518,-0.01,0.05,-0.31
6.527,-0.01,0.05,-0.21
6.539,-0.02,0.01,-0.17
6.584,-0.02,0.04,-0.29
6.589,-0.02,-0.02,-0.23
6.590,-0.07,0.02,-0.25
6.591,0.03,0.05,-0.32
6.592,0.04,0.03,-0.28
6.597,0.00,-0.02,-0.21
6.607,-0.02,-0.03,-0.31
6.617,-0.05,-0.01,-0.35
6.627,-0.06,-0.03,-0.31
6.637,0.01,0.04,-0.21
6.647,0.05,-0.00,-0.24
6.664,0.06,0.02,-0.29
6.669,0.05,0.03,-0.13
6.676,0.01,0.01,-0.39
6.687,-0.04,-0.02,-0.25
6.696,-0.05,-0.08,-0.15
6.706,0.01,-0.04,-0.22
6.717,-0.03,0.01,-0.36
6.725,0.04,0.03,-0.21
6.736,0.03,0.04,-0.22
6.747,-0.03,0.03,-0.21
6.763,0.00,0.02,-0.20
6.766,-0.08,-0.01,-0.31
6.775,-0.08,-0.06,-0.21
6.794,-0.02,-0.07,-0.24
6.797,-0.01,0.01,-0.19
6.806,-0.01,0.06,-0.26
6.816,-0.01,0.05,-0.27
6.825,-0.05,-0.03,-0.27
6.835,0.02,-0.05,-0.25
6.844,0.01,0.02,-0.24
6.860,0.03,0.01,-0.21
6.866,0.02,0.08,-0.21
6.874,0.01,0.02,-0.28
6.894,0.09,0.02,-0.32
6.899,0.02,0.00,-0.30
6.904,-0.06,-0.02,-0.30
6.914,-0.04,-0.01,-0.29
6.924,-0.11,-0.05,-0.25
6.939,-0.07,0.01,-0.32
6.946,-0.06,0.01,-0.26
6.954,-0.01,0.07,-0.29
6.982,-0.04,0.07,-0.33
6.984,0.04,0.00,-0.32
6.985,-0.00,-0.03,-0.23
6.993,0.04,-0.04,-0.27
7.004,0.07,-0.06,-0.23
7.012,0.03,-0.01,-0.23
7.023,0.05,-0.01,-0.29
7.034,0.03,0.02,-0.37
7.043,-0.02,0.03,-0.21
7.052,-0.02,0.06,-0.21
7.064,-0.04,0.02,-0.20
7.083,-0.04,-0.01,-0.22
7.087,0.00,-0.04,-0.23
7.092,-0.02,-0.04,-0.33
7.113,0.02,-0.02,-0.23
7.117,-0.04,0.03,-0.17
7.121,-0.01,0.06,-0.27
7.132,-0.08,-0.03,-0.22
7.142,0.01,0.15,-0.37
7.164,0.04,-0.22,-0.44
7.166,-0.03,0.05,-0.39
7.181,-0.01,0.03,-0.07
7.191,-0.03,0.01,-0.10
7.202,-0.12,0.00,-0.26
7.211,0.04,-0.15,-0.17
7.221,-0.08,-0.01,-0.19
7.232,-0.00,-0.01,-0.25
7.241,-0.05,0.00,-0.32
7.261,0.04,0.02,-0.18
7.272,0.04,0.04,-0.21
7.274,0.02,-0.03,-0.25
7.283,0.03,-0.02,-0.27
7.290,0.01,-0.05,-0.26
7.301,0.04,-0.01,-0.23
7.310,0.04,0.04,-0.24
7.320,0.06,0.05,-0.23
7.331,0.01,0.02,-0.33
7.340,-0.02,-0.01,-0.26
7.365,-0.12,0.00,-0.29
7.367,-0.11,-0.02,-0.28
7.369,-0.11,-0.06,-0.27
7.385,-0.02,-0.02,-0.26
7.390,-0.05,0.06,-0.24
7.401,0.02,0.05,-0.36
7.409,0.05,0.04,-0.32
7.420,0.02,-0.03,-0.17
7.428,0.09,-0.06,-0.30
7.439,0.04,-0.05,-0.29
7.449,0.08,-0.04,-0.22
7.462,0.03,-0.03,-0.27
7.468,0.04,-0.02,-0.28
7.478,0.01,0.00,-0.22
7.489,-0.08,-0.02,-0.20
7.499,-0.06,0.00,-0.17
7.508,-0.09,0.00,-0.23
7.519,-0.10,-0.01,-0.21
7.527,-0.11,-0.04,-0.30
7.538,-0.07,-0.05,-0.34
7.548,0.01,-0.03,-0.30
7.569,0.01,0.04,-0.25
7.574,0.08,0.07,-0.22
7.580,0.10,0.01,-0.22
7.591,0.08,0.03,-0.33
7.598,0.05,0.00,-0.27
7.607,0.02,-0.05,-0.32
7.619,0.02,-0.02,-0.22
7.626,-0.01,-0.02,-0.27
7.636,-0.04,0.07,-0.22
7.646,-0.09,0.05,-0.31
7.663,-0.08,-0.02,-0.18
7.667,-0.10,0.02,-0.26
7.687,-0.09,-0.02,-0.30
7.690,-0.05,0.04,-0.25
7.697,-0.00,0.03,-0.24
7.707,0.01,-0.02,-0.23
7.716,0.02,0.02,-0.25
7.726,0.07,-0.03,-0.24
7.736,0.05,0.01,-0.34
7.745,0.08,0.02,-0.27
7.756,0.05,0.03,-0.25
7.767,0.03,-0.01,-0.34
7.799,0.01,-0.02,-0.22
7.802,-0.05,-0.00,-0.21
7.803,-0.01,0.01,-0.21
7.805,-0.03,0.02,-0.25
7.817,-0.06,-0.02,-0.29
7.825,-0.05,-0.03,-0.34
7.836,-0.04,-0.04,-0.26
7.844,-0.01,-0.00,-0.27
7.854,-0.01,-0.01,-0.29
7.864,0.01,-0.00,-0.20
7.879,0.05,-0.02,-0.29
7.886,0.02,-0.03,-0.17
7.898,0.05,-0.01,-0.24
7.905,0.01,0.03,-0.23
7.917,0.02,-0.01,-0.26
7.926,-0.00,0.01,-0.24
7.941,-0.03,-0.00,-0.26
7.943,-0.02,0.01,-0.27
7.953,-0.00,-0.03,-0.28
7.962,-0.07,-0.01,-0.32
7.979,-0.08,0.01,-0.29
8.000,-0.05,0.02,-0.28
8.005,0.01,-0.01,-0.21
8.009,-0.01,-0.04,-0.26
8.015,0.02,-0.02,-0.23
8.023,-0.03,0.01,-0.29
8.033,0.07,-0.00,-0.26
8.042,0.02,-0.00,-0.21
8.072,0.05,-0.01,-0.32
8.074,0.02,-0.01,-0.33
8.076,-0.06,-0.03,-0.22
8.082,-0.00,0.01,-0.27
8.093,-0.05,-0.06,-0.18
8.104,0.28,-0.05,-0.96
8.112,-0.29,0.26,-0.43
8.122,0.12,-0.06,-0.11
8.132,-0.05,0.06,-0.35
8.141,0.03,-0.03,-0.19
8.151,-0.00,-0.05,-0.13
8.181,0.03,-0.02,-0.18
8.184,0.02,0.04,-0.24
8.187,0.01,-0.05,-0.22
8.195,0.02,0.01,-0.26
8.201,-0.07,0.03,-0.30
8.211,-0.05,-0.01,-0.29
8.221,-0.02,-0.02,-0.21
8.231,-0.02,-0.00,-0.27
8.241,-0.02,0.01,-0.21
8.251,-0.01,-0.02,-0.22
8.269,-0.05,0.03,-0.24
8.272,-0.01,0.05,-0.26
8.280,-0.03,0.01,-0.25
8.295,0.04,-0.01,-0.27
8.300,0.02,-0.01,-0.20
8.310,-0.05,-0.02,-0.24
8.320,0.03,0.03,-0.29
8.330,0.01,-0.03,-0.31
8.339,-0.01,0.02,-0.34
8.349,-0.01,-0.04,-0.20
8.360,-0.03,0.00,-0.23
8.393,0.01,-0.00,-0.31
8.402,-0.00,0.00,-0.23
8.403,-0.04,-0.01,-0.23
8.404,-0.01,-0.02,-0.20
8.424,-0.02,-0.04,-0.26
8.426,0.00,-0.01,-0.28
8.428,-0.01,0.01,-0.26
8.439,0.08,-0.01,-0.24
8.448,0.02,0.00,-0.26
8.459,0.02,0.00,-0.23
8.482,0.02,0.01,-0.24
8.484,0.01,-0.03,-0.25
8.495,0.05,-0.02,-0.21
8.498,0.04,-0.01,-0.23
8.508,-0.01,-0.00,-0.25
8.518,-0.00,0.02,-0.24
8.528,-0.04,-0.01,-0.27
8.538,-0.03,-0.00,-0.26
8.548,-0.06,-0.01,-0.24
8.557,-0.04,-0.03,-0.27
8.568,0.02,-0.00,-0.27
8.595,0.01,-0.00,-0.27
8.599,-0.01,-0.01,-0.22
8.602,0.02,-0.03,-0.29
8.620,-0.02,0.00,-0.19
8.622,0.05,-0.03,-0.28
8.627,0.02,0.01,-0.20
8.639,0.01,-0.00,-0.24
8.647,-0.00,-0.02,-0.26
8.657,-0.02,0.01,-0.40
8.666,-0.00,-0.01,-0.27
8.681,-0.00,-0.00,-0.23
8.711,-0.01,0.00,-0.24
8.713,-0.00,-0.00,-0.23
8.714,-0.05,-0.01,-0.25
8.717,-0.01,-0.03,-0.22
8.726,-0.01,-0.01,-0.28
8.736,-0.03,-0.00,-0.21
8.746,0.01,0.00,-0.26
8.768,0.01,0.02,-0.20
8.776,0.02,0.00,-0.31
8.777,0.05,0.01,-0.23
8.785,-0.00,0.00,-0.31
8.795,-0.03,0.03,-0.29
8.805,0.01,-0.01,-0.27
8.815,-0.02,-0.02,-0.25
8.826,0.05,-0.02,-0.29
8.836,-0.02,-0.02,-0.22
8.845,-0.01,-0.01,-0.25
8.866,-0.01,-0.04,-0.30
8.870,0.02,-0.01,-0.21
8.895,-0.01,0.00,-0.27
8.898,0.05,0.02,-0.14
8.900,-0.01,-0.04,0.17
8.907,0.03,-0.01,0.54
8.915,-0.00,0.00,0.67
8.928,0.06,-0.07,0.29
8.934,-0.00,-0.02,-0.31
8.944,-0.03,-0.06,-0.66
8.971,-0.07,-0.05,-0.76
8.975,-0.04,-0.04,-0.51
8.978,-0.07,-0.06,-0.10
8.984,-0.06,-0.10,0.23
9.003,0.07,-0.06,0.12
9.013,0.13,-0.07,0.01
9.024,0.13,-0.10,-0.23
9.033,0.13,-0.06,-0.30
9.043,-0.01,-0.03,-0.25
9.052,-0.02,0.00,-0.06
9.063,-0.08,-0.04,0.06
9.085,-2.45,1.61,3.00
9.088,0.82,0.17,-0.77
9.092,0.93,1.15,-2.84
9.103,-1.19,-0.33,-0.20
9.116,0.58,0.35,0.27
9.124,0.90,0.28,0.72
9.132,0.53,0.08,0.67
9.141,0.36,-0.60,2.14
9.152,-0.74,-0.26,1.10
9.162,-0.40,0.15,0.06
9.184,-0.69,0.01,-0.15
9.186,0.25,0.23,0.01
9.203,-0.57,0.20,-0.27
9.206,0.79,-0.01,0.13
9.212,0.48,-0.10,-0.22
9.224,0.28,-0.14,-0.26
9.231,0.61,0.03,-0.35
9.242,-0.44,-0.04,-0.63
9.251,0.03,-0.11,-0.35
9.262,-0.39,0.05,-0.42
9.272,-0.32,-0.12,-0.18
9.294,0.14,-0.26,0.06
9.295,-0.28,-0.25,-0.07
9.300,0.23,-0.15,0.13
9.313,-0.03,-0.13,-0.17
9.320,-0.21,-0.10,-0.08
9.330,-0.01,0.02,-0.09
9.340,-0.36,0.03,-0.25
9.349,0.00,-0.09,-0.11
9.360,-0.17,0.01,-0.27
9.369,0.52,0.12,2.02
9.383,-1.04,0.16,0.93
9.397,-0.44,0.01,0.09
9.400,0.74,0.08,0.28
9.410,-0.57,-0.19,-0.04
9.419,-0.56,0.15,1.17
9.429,-0.08,-0.13,0.00
9.439,0.02,0.07,-0.75
9.449,-0.07,-0.04,-0.06
9.459,-0.25,0.04,0.02
9.469,0.45,0.04,0.27
9.489,-0.04,0.18,-0.30
9.499,0.13,-0.05,-0.44
9.502,0.15,-0.01,-0.65
9.514,-0.19,-0.17,-0.80
9.518,0.15,-0.15,-0.52
9.528,-0.10,-0.12,-0.41
9.538,0.07,-0.07,-0.12
9.548,0.10,-0.06,-0.07
9.567,0.04,-0.09,-0.28
9.577,0.33,-0.12,-0.24
9.581,0.07,-0.09,-0.52
9.587,0.13,-0.12,-0.60
9.597,-0.88,0.70,1.42
9.609,-0.61,0.33,0.18
9.618,-0.42,-0.05,-1.45
9.627,-1.58,0.23,0.19
9.637,-0.56,0.61,0.26
9.647,-0.46,0.09,-1.24
9.668,-0.00,0.02,0.08
9.675,-0.45,0.02,-0.26
9.679,-0.01,0.02,-0.65
9.699,0.21,-0.11,-0.81
9.708,0.26,0.03,-0.80
9.716,0.07,0.05,-0.83
9.726,0.26,-0.20,-0.66
9.736,-0.03,-0.09,-0.69
9.746,0.00,-0.09,-0.59
9.757,0.05,-0.15,-0.53
9.766,0.91,-0.07,0.70
9.776,-0.30,0.07,-0.29
9.785,0.71,-0.23,-0.23
9.805,1.01,0.18,-0.29
9.807,-0.20,-0.09,-0.23
9.818,-0.40,0.17,0.25
9.834,0.15,-0.22,-0.16
9.839,0.15,-0.14,-0.47
9.845,-0.20,-0.12,0.07
9.855,-0.37,-0.12,-0.12
9.864,0.07,-0.14,-0.67
9.889,0.02,-0.05,-0.75
9.893,-0.27,0.10,-0.66
9.897,0.07,-0.14,-0.56
9.904,0.04,-0.04,-0.50
9.915,0.08,0.04,-0.02
9.925,-0.05,-0.08,-0.25
9.934,-0.03,-0.00,-0.29
9.944,0.13,-0.03,-0.27
9.954,-0.03,-0.04,-0.29
9.964,-0.08,0.01,-0.12
9.990,-0.07,0.03,-0.29
9.996,-0.04,-0.04,-0.44
9.999,0.01,-0.01,-0.22
10.003,-0.02,0.01,-0.01
10.013,-0.05,-0.01,-0.07
10.023,0.11,0.00,-0.22
10.033,0.16,-0.05,-0.49
10.043,0.13,-0.01,-0.55
10.053,0.06,-0.03,-0.51
10.063,-0.04,-0.01,-0.65
10.073,0.04,-0.10,-0.58
10.092,-0.02,-0.07,-0.41
10.098,-0.08,-0.04,-0.15
10.104,-0.08,-0.01,-0.01
10.119,-0.09,0.03,-0.10
10.125,-0.02,0.03,-0.19
10.132,-0.00,-0.03,-0.25
10.142,0.04,-0.01,-0.47
10.152,0.03,0.02,-0.53
10.161,0.08,-0.05,-0.50
10.172,-0.02,-0.07,-0.39
10.190,-0.04,-0.03,-0.30
10.198,-0.07,-0.00,-0.33
10.205,0.03,-0.05,-0.50
10.222,0.06,-0.01,-0.55
10.223,0.08,-0.02,-0.59
10.231,0.15,0.02,-0.62
10.244,0.10,0.00,-0.48
10.252,0.10,-0.04,-0.35
10.260,0.05,-0.00,-0.13
10.271,0.01,-0.02,0.00
10.293,-0.00,-0.02,0.01
10.301,0.06,0.02,-0.09
10.303,0.03,0.02,-0.17
10.319,0.01,-0.03,-0.35
10.321,-0.00,0.02,-0.43
10.330,0.04,-0.05,-0.45
10.340,0.04,-0.06,-0.45
10.350,0.04,-0.06,-0.26
10.360,0.02,-0.08,-0.21
10.370,0.04,-0.06,-0.24
10.388,0.12,-0.02,-0.25
10.412,0.05,-0.05,-0.36
10.415,0.01,-0.06,-0.40
10.417,-0.02,0.01,-0.40
10.420,-0.02,0.03,-0.41
10.431,0.04,-0.00,-0.37
10.439,0.08,-0.02,-0.27
10.450,0.03,-0.04,-0.13
10.459,0.04,-0.03,-0.21
10.469,0.01,-0.03,-0.24
10.478,0.03,0.01,-0.27
10.489,-0.03,-0.00,-0.37
10.513,-0.03,0.00,-0.40
10.515,0.01,0.00,-0.46
10.519,0.01,-0.06,-0.52
10.545,0.05,-0.01,-0.55
10.548,0.06,-0.06,-0.47
10.550,0.10,-0.06,-0.52
10.558,0.04,-0.07,-0.38
10.568,0.08,-0.04,-0.28
10.587,0.06,0.01,-0.28
10.591,0.09,0.06,-0.27
10.620,0.03,-0.00,-0.28
10.627,0.01,-0.02,-0.43
10.631,-0.03,-0.05,-0.49
10.634,-0.05,-0.08,-0.41
10.637,-0.04,-0.05,-0.35
10.648,-0.04,-0.00,-0.29
10.657,0.03,-0.01,-0.33
10.667,0.04,0.02,-0.48
10.687,0.03,-0.06,-0.45
10.692,-0.00,-0.07,-0.46
10.696,0.04,-0.04,-0.45
10.708,0.07,-0.04,-0.33
10.718,0.09,0.00,-0.29
10.728,0.05,0.00,-0.36
10.736,0.03,-0.05,-0.39
10.746,0.04,-0.06,-0.48
10.755,0.03,-0.06,-0.43
10.766,-0.01,-0.00,-0.37
10.790,0.03,-0.00,-0.32
10.794,-0.01,-0.02,-0.33
10.811,-0.04,-0.00,-0.36
10.814,-0.04,-0.06,-0.28
10.815,-0.04,-0.03,-0.31
10.825,-0.00,-0.03,-0.26
10.835,0.08,-0.06,-0.27
10.845,0.04,-0.11,-0.31
10.855,0.09,-0.05,-0.42
10.865,-0.03,-0.03,-0.39
10.875,0.00,-0.02,-0.38
10.895,0.00,-0.05,-0.20
10.897,0.00,0.00,-0.16
10.904,0.07,-0.04,-0.12
10.914,0.10,-0.07,-0.25
10.926,0.07,-0.07,-0.48
10.934,0.02,-0.03,-0.58
10.945,0.00,-0.04,-0.70
10.954,-0.04,0.04,-0.48
10.964,-0.06,-0.03,-0.37
10.974,0.00,-0.04,-0.28
10.986,0.00,0.01,-0.29
10.993,0.07,-0.06,-0.47
11.004,0.03,-0.03,-0.56
11.013,0.10,0.01,-0.76
11.023,0.01,-0.06,-0.82
11.034,-0.01,-0.06,-0.62
11.045,-0.02,-0.04,-0.46
11.053,-0.03,0.01,-0.29
11.063,-0.02,-0.02,-0.23
11.073,0.06,-0.01,-0.39
11.097,0.08,-0.01,-0.55
11.104,0.06,-0.05,-0.70
11.105,0.04,-0.05,-0.71
11.120,0.03,-0.06,-0.59
11.128,-0.02,-0.04,-0.36
11.134,-0.03,0.00,-0.28
11.143,-0.01,0.00,-0.25
11.151,0.03,-0.01,-0.20
11.162,0.07,-0.03,-0.26
11.172,0.11,-0.02,-0.24
11.189,0.02,-0.06,-0.25
11.227,0.04,0.00,-0.29
11.229,0.05,0.00,-0.22
11.231,0.04,-0.03,-0.11
11.232,0.10,-0.03,-0.08
11.233,0.02,-0.05,-0.01
11.241,0.05,-0.01,-0.07
11.251,0.05,-0.02,-0.16
11.263,-0.02,-0.03,-0.29
11.271,-0.03,0.01,-0.33
11.281,-0.01,-0.02,-0.29
11.291,-0.02,-0.02,-0.20
11.314,0.04,-0.02,-0.19
11.316,-0.01,-0.06,-0.23
11.327,0.05,-0.06,-0.32
11.336,0.09,0.01,-0.88
11.340,0.03,-0.05,-1.33
11.350,0.01,-0.01,-1.35
11.363,-0.03,-0.01,-0.90
11.370,-0.05,-0.08,-0.32
11.380,0.04,-0.00,0.38
11.390,0.06,-0.10,0.41
11.415,0.08,-0.02,0.13
11.422,0.09,0.07,-0.41
11.424,-0.01,-0.00,-0.50
11.434,0.02,-0.03,-0.34
11.440,-0.04,-0.03,-0.04
11.449,0.01,-0.03,0.08
11.460,0.00,-0.01,0.12
11.470,-0.01,0.02,-0.05
11.497,0.05,0.00,-0.45
11.502,0.05,0.01,-0.60
11.505,0.03,0.02,-0.63
11.509,0.04,0.00,-0.53
11.522,0.11,-0.14,-0.29
11.530,0.16,-0.03,-0.16
11.538,0.12,0.00,-0.22
11.548,0.02,-0.02,-0.16
11.559,-0.06,0.01,-0.17
11.569,-0.05,-0.02,-0.25
11.577,-0.02,-0.09,-0.30
11.595,0.03,-0.06,-0.21
11.598,0.07,-0.03,-0.27
11.608,0.10,0.01,-0.19
11.623,0.07,0.01,-0.05
11.629,-0.06,0.02,-0.12
11.637,-0.11,0.01,-0.21
11.647,-0.05,-0.03,-0.31
11.657,-0.06,-0.13,-0.37
11.667,0.01,-0.06,-0.29
11.677,0.03,-0.07,-0.25
11.692,0.04,-0.03,-0.18
11.706,0.02,-0.00,-0.15
11.708,0.02,0.03,-0.15
11.717,0.03,0.01,-0.22
11.726,0.02,-0.03,-0.33
11.737,0.05,-0.00,-0.41
11.747,0.05,-0.06,-0.43
11.756,0.02,-0.00,-0.35
11.766,-0.06,-0.05,-0.20
11.776,-0.07,0.01,-0.22
11.794,-0.08,-0.01,-0.21
11.800,-0.01,-0.02,-0.26
11.808,0.05,-0.01,-0.22
11.817,0.11,-0.07,-0.27
11.825,0.12,-0.00,-0.26
11.836,0.05,0.03,-0.28
11.845,0.03,0.01,-0.29
11.855,-0.02,-0.01,-0.28
11.865,0.01,-0.05,-0.19
11.875,0.06,-0.06,-0.10
11.893,0.05,-0.09,-0.21
11.906,0.08,-0.05,-0.32
11.907,0.01,-0.00,-0.29
11.916,0.00,0.05,-0.37
11.925,-0.05,-0.02,-0.47
11.934,-0.06,0.03,-0.45
11.944,-0.07,-0.00,-0.54
11.954,-0.01,-0.01,-0.55
11.964,0.01,-0.03,-0.58
11.974,0.02,-0.06,-0.45
11.999,0.06,0.04,-0.29
12.007,0.09,-0.01,-0.32
12.014,0.15,0.03,-0.52
12.017,0.09,-0.01,-0.68
12.030,0.04,0.04,-0.81
12.034,-0.03,-0.02,-0.88
12.043,-0.09,-0.05,-0.80
12.053,-0.14,-0.03,-0.66
12.064,-0.12,-0.04,-0.56
12.073,-0.10,-0.04,-0.52
12.083,-0.08,-0.05,-0.52
12.092,0.04,-0.07,-0.59
12.127,0.17,-0.01,-0.56
12.128,0.04,-0.00,-0.67
12.129,-0.05,-0.00,-0.67
12.147,-0.04,-0.04,-0.64
12.149,0.03,-0.02,-0.53
12.152,0.01,-0.02,-0.49
12.162,0.06,-0.01,-0.47
12.172,0.06,-0.04,-0.61
12.202,0.05,0.03,-0.55
12.205,0.00,-0.00,-0.60
12.207,0.02,0.03,-0.60
12.212,0.01,-0.01,-0.59
12.222,0.04,0.03,-0.47
12.231,0.05,-0.06,-0.38
12.241,0.05,-0.01,-0.29
12.251,0.01,-0.02,-0.33
12.261,-0.04,-0.06,-0.33
12.271,-0.02,-0.02,-0.44
12.298,0.02,-0.02,-0.40
12.306,0.06,-0.03,-0.44
12.312,-0.07,-0.06,-0.38
12.320,-0.04,-0.04,-0.29
12.323,-0.06,-0.01,-0.30
12.339,-0.02,-0.09,-0.35
12.341,-0.01,-0.05,-0.37
12.352,0.00,-0.03,-0.31
12.359,-0.04,-0.02,-0.29
12.371,0.00,-0.01,-0.22
12.395,-0.01,0.01,-0.33
12.399,-0.01,0.02,-0.38
12.404,0.00,-0.00,-0.42
12.412,0.09,-0.04,-0.34
12.421,0.09,-0.03,-0.32
12.429,0.08,-0.01,-0.28
12.439,0.03,-0.02,-0.28
12.451,-0.05,-0.00,-0.24
12.459,-0.03,0.02,-0.19
12.469,-0.04,-0.00,-0.21
12.479,0.06,-0.00,-0.19
12.498,0.02,-0.04,-0.12
12.500,0.07,-0.08,-0.29
12.509,-0.03,-0.08,-0.37
12.532,-0.09,-0.00,-0.39
12.535,-0.12,0.02,-0.33
12.539,-0.13,0.01,-0.21
12.549,-0.07,-0.00,-0.01
12.558,0.06,-0.02,-0.03
12.568,0.11,-0.06,-0.11
12.578,0.08,-0.06,-0.20
12.599,0.08,-0.00,-0.23
12.600,-0.00,0.04,-0.21
12.607,-0.04,0.04,-0.22
12.632,-0.04,0.04,-0.33
12.634,0.02,-0.06,-0.28
12.637,0.07,-0.10,-0.34
12.647,0.04,-0.10,-0.32
12.657,0.01,-0.04,-0.16
12.668,-0.10,-0.01,-0.15
12.677,-0.08,0.06,-0.14
12.694,-0.10,0.01,-0.26
12.697,-0.05,0.04,-0.36
12.712,0.09,-0.05,-0.25
12.718,0.12,-0.05,-0.30
12.727,0.08,-0.03,-0.22
12.736,0.06,-0.00,-0.09
12.746,-0.08,0.05,-0.12
12.756,-0.07,0.05,-0.16
12.767,-0.05,-0.00,-0.26
12.775,0.01,-0.01,-0.38
12.786,0.12,-0.04,-0.30
12.795,0.10,-0.08,-0.35
12.813,0.05,-0.06,-0.23
12.815,0.01,0.01,-0.11
12.825,-0.05,0.02,-0.08
12.835,-0.02,-0.02,-0.14
12.845,-0.03,0.02,-0.25
12.855,-0.00,-0.10,-0.24
12.866,-0.00,-0.07,-0.22
12.875,0.02,-0.01,-0.15
12.885,-0.01,-0.05,-0.18
12.895,-0.08,0.03,-0.17
12.914,-0.05,-0.01,-0.24
12.916,-0.04,-0.01,-0.29
12.924,-0.02,-0.02,-0.37
12.937,0.03,-0.04,-0.29
12.944,-0.02,-0.08,-0.30
12.954,-0.00,-0.03,-0.27
12.964,0.03,-0.03,-0.23
12.973,-0.03,-0.01,-0.29
12.992,0.02,-0.01,-0.28
12.996,-0.00,0.01,-0.29
13.009,-0.02,-0.03,-0.30
13.013,0.01,-0.03,-0.35
13.023,-0.02,0.00,-0.39
13.033,-0.03,-0.02,-0.39
13.042,0.03,-0.02,-0.32
13.052,0.00,-0.01,-0.31
13.063,-0.05,-0.00,-0.32
13.073,-0.02,-0.01,-0.26
13.093,-0.02,0.03,-0.27
13.098,-0.01,-0.01,-0.22
13.105,-0.03,0.01,-0.37
13.112,0.05,-0.06,-0.36
13.123,0.03,-0.05,-0.41
13.133,0.00,-0.06,-0.43
13.142,-0.02,-0.01,-0.38
13.152,-0.04,-0.02,-0.35
13.162,-0.00,-0.03,-0.36
13.172,-0.02,0.01,-0.35
13.182,0.01,-0.05,-0.30
13.208,0.07,-0.02,-0.39
13.218,0.03,-0.02,-0.37
13.219,-0.03,0.02,-0.27
13.225,-0.04,-0.03,-0.25
13.232,-0.01,0.00,-0.20
13.242,-0.03,-0.01,-0.22
13.251,-0.03,-0.02,-0.31
13.261,0.03,-0.04,-0.35
13.271,0.01,-0.04,-0.39
13.281,-0.04,-0.01,-0.33
13.297,-0.07,0.00,-0.32
13.327,-0.09,-0.03,-0.19
13.331,-0.05,-0.02,-0.21
13.333,0.01,-0.02,-0.15
13.335,0.04,0.00,-0.19
13.341,0.09,-0.04,-0.24
13.352,0.03,0.00,-0.33
13.360,-0.00,0.00,-0.30
13.370,-0.05,0.00,-0.26
13.382,-0.02,0.00,-0.35
13.400,-0.03,-0.03,-0.30
13.405,-0.06,-0.03,-0.26
13.410,0.03,-0.03,-0.17
13.428,-0.01,-0.01,-0.20
13.430,0.00,-0.01,-0.17
13.440,-0.03,0.01,-0.15
13.451,-0.02,0.01,-0.21
13.459,0.01,-0.01,-0.21
13.469,0.03,-0.02,-0.33
13.480,0.03,-0.03,-0.44
13.496,0.04,-0.01,-0.35
13.513,0.01,-0.02,-0.29
13.515,-0.01,0.03,-0.35
13.519,-0.01,-0.02,-0.16
13.528,-0.01,0.01,-0.29
13.538,0.05,-0.01,-0.20
13.551,0.05,-0.04,-0.12
13.558,0.04,-0.02,-0.21
13.568,0.03,-0.03,-0.16
13.579,-0.01,0.00,-0.13
13.589,-0.06,-0.02,-0.19
13.598,-0.03,-0.04,-0.21
13.612,-0.02,-0.04,-0.24
13.623,-0.02,-0.05,-0.19
13.641,-0.03,-0.05,-0.17
13.643,-0.06,-0.01,-0.09
13.647,-0.04,-0.03,-0.02
13.657,0.03,-0.03,0.01
13.669,0.01,-0.02,-0.01
13.677,0.06,0.04,-0.02
13.687,0.07,0.02,-0.10
13.697,0.06,-0.04,-0.19
13.714,0.01,0.00,-0.29
13.742,0.03,0.01,-0.29
13.745,-0.02,0.00,-0.22
13.750,-0.02,-0.04,-0.17
13.752,-0.01,-0.03,-0.11
13.757,-0.09,-0.03,-0.02
13.766,-0.01,-0.00,-0.03
13.776,-0.06,0.03,0.02
13.797,0.03,-0.01,-0.09
13.799,0.04,-0.01,-0.17
13.813,0.06,0.01,-0.19
13.817,0.04,0.02,-0.25
13.826,0.01,-0.04,-0.22
13.836,-0.01,0.01,-0.18
13.845,-0.04,-0.01,-0.15
13.855,-0.06,0.04,-0.15
13.865,-0.03,-0.00,-0.23
13.876,-0.02,0.02,-0.22
13.905,0.02,-0.03,-0.23
13.934,0.03,-0.03,-0.25
13.935,0.03,-0.06,-0.12
13.936,0.01,-0.03,-0.08
13.937,-0.05,-0.03,-0.10
13.944,-0.09,-0.01,-0.11
13.954,-0.11,0.01,-0.11
13.964,-0.04,-0.01,-0.20
13.974,-0.04,-0.03,-0.20
13.984,-0.02,-0.06,-0.21
13.997,0.05,0.01,-0.18
14.018,0.04,0.01,-0.09
14.020,0.03,-0.00,-0.11
14.024,-0.01,0.01,-0.13
14.034,-0.01,-0.00,-0.24
14.044,0.04,0.02,-0.31
14.054,-0.02,0.03,-0.29
14.063,-0.01,-0.03,-0.29
14.073,-0.01,-0.01,-0.30
14.083,-0.01,-0.04,-0.24
14.102,-0.05,-0.04,-0.23
14.107,-0.01,-0.02,-0.22
14.112,-0.00,0.01,-0.23
14.128,0.03,0.01,-0.25
14.133,0.03,-0.04,-0.21
14.143,0.06,-0.03,-0.26
14.154,0.03,-0.02,-0.27
14.162,-0.02,-0.01,-0.23
14.172,0.00,-0.00,-0.22
14.182,-0.02,-0.00,-0.22
14.198,-0.00,0.02,-0.25
14.208,-0.08,-0.00,-0.26
14.212,-0.01,-0.00,-0.23
14.235,-0.03,-0.00,-0.23
14.237,0.02,-0.03,-0.18
14.241,0.00,-0.00,-0.23
14.251,0.01,0.02,-0.22
14.261,0.01,-0.02,-0.20
14.271,0.03,-0.04,-0.16
14.282,-0.01,-0.05,-0.16
14.305,-0.06,-0.00,-0.13
14.307,-0.01,-0.04,-0.10
14.312,-0.04,-0.01,-0.08
14.322,-0.02,-0.03,-0.18
14.330,-0.02,-0.01,-0.20
14.340,-0.03,-0.00,-0.20
14.350,-0.00,-0.03,-0.22
14.360,0.03,0.01,-0.25
14.372,-0.00,-0.05,-0.22
14.380,0.05,-0.02,-0.18
14.390,0.03,0.02,-0.19
14.400,0.01,-0.07,-0.17
14.417,-0.01,0.03,-0.16
14.443,-0.02,-0.03,-0.16
14.446,0.01,0.00,-0.22
14.450,-0.00,-0.01,-0.22
14.451,0.01,-0.03,-0.19
14.459,-0.00,-0.01,-0.16
14.472,0.01,0.00,-0.17
14.479,0.01,-0.02,-0.09
14.489,0.01,0.00,-0.18
14.499,-0.00,-0.02,-0.19
14.517,-0.01,-0.04,-0.21
14.553,0.00,0.00,-0.23
14.555,0.01,-0.01,-0.24
14.556,0.01,-0.01,-0.23
14.557,0.01,-0.02,-0.18
14.558,0.00,0.02,-0.26
14.568,-0.02,-0.02,-0.26
14.577,-0.01,0.01,-0.23
14.599,-0.01,0.04,-0.30
14.601,-0.02,-0.03,-0.30
14.621,-0.01,-0.04,-0.30
14.623,0.04,-0.01,-0.23
14.627,0.01,0.02,-0.30
14.638,-0.04,0.00,-0.16
14.647,-0.04,-0.03,-0.22
14.657,-0.06,-0.03,-0.22
14.667,-0.01,-0.02,-0.29
14.677,0.00,-0.01,-0.33
14.701,-0.02,-0.06,-0.22
14.718,-0.01,0.00,-0.27
14.719,-0.02,-0.01,-0.23
14.721,0.06,-0.01,-0.15
14.727,0.01,-0.01,-0.22
14.738,0.00,-0.02,-0.31
14.747,0.01,-0.02,-0.20
14.756,-0.03,0.02,-0.26
14.766,0.00,0.02,-0.28
14.776,-0.01,-0.02,-0.19
14.786,-0.02,-0.03,-0.18
14.800,-0.01,-0.02,-0.15
14.822,-0.01,0.01,-0.19
14.823,0.00,0.00,-0.21
14.826,-0.01,0.00,-0.21
14.836,0.02,0.02,-0.21
14.845,-0.02,-0.04,-0.22
14.855,0.00,-0.01,-0.16
14.865,0.01,-0.01,-0.21
14.875,-0.02,0.02,-0.21
14.885,-0.02,-0.06,-0.15
14.906,0.03,0.02,-0.21
14.911,0.00,-0.02,-0.17
14.915,0.05,0.01,-0.21
14.929,-0.01,-0.02,-0.20
14.935,0.04,-0.02,-0.21
14.944,-0.03,-0.03,-0.22
14.956,-0.01,-0.02,-0.27
14.964,-0.02,-0.03,-0.24
14.975,-0.03,0.04,-0.21
14.984,-0.01,0.01,-0.30
14.999,-0.02,-0.01,-0.25
15.025,-0.01,-0.02,-0.22
15.030,-0.04,-0.02,-0.26
15.033,0.05,-0.02,-0.28
15.036,-0.90,0.31,4.07
15.044,-0.22,0.35,0.48
15.053,0.13,0.26,-1.48
15.063,0.08,-0.40,-0.37
15.073,0.43,0.27,0.45
15.083,-0.54,0.19,-0.30
15.093,0.59,0.21,0.09
15.104,-0.54,-0.29,-0.41
15.124,-0.05,-0.21,0.02
15.127,0.03,0.09,-0.46
15.132,-1.25,1.22,-1.65
15.148,0.29,2.50,-2.66
15.153,-0.05,-0.73,0.45
15.162,0.17,0.48,-1.41
15.173,0.19,0.18,-0.64
15.182,0.07,-0.25,0.50
15.192,-0.67,0.05,-0.35
15.202,0.00,0.21,-0.56
15.224,0.24,-0.12,-0.39
15.225,0.27,-0.05,0.49
15.231,0.05,0.08,-0.57
15.246,0.24,-0.05,-0.69
15.252,0.13,-0.28,-0.28
15.261,0.08,-0.14,-0.00
15.273,-0.27,0.05,-0.17
15.281,-0.14,0.00,-0.35
15.290,0.13,-0.17,-0.12
15.301,-0.08,-0.01,-0.19
15.317,-0.04,0.01,-0.44
15.337,0.02,0.00,-0.28
15.339,-0.10,-0.02,-0.07
15.341,-0.04,0.03,-0.19
15.350,-0.05,-0.06,-0.29
15.360,0.10,-0.14,-0.33
15.370,0.13,-0.08,-0.20
15.380,0.12,-0.00,-0.29
15.406,0.03,-0.07,-0.23
15.410,-0.02,-0.00,-0.30
15.411,-0.03,0.04,-0.30
15.420,-0.05,0.01,-0.24
15.439,-0.04,-0.04,-0.25
15.441,-0.06,-0.06,-0.26
15.449,-0.08,-0.04,-0.32
15.459,-0.09,-0.09,-0.20
15.469,-0.13,-0.06,-0.25
15.479,-0.09,-0.05,-0.26
15.488,-0.08,0.02,-0.18
15.513,0.09,-0.01,-0.23
15.515,0.15,-0.01,-0.21
15.521,0.17,-0.01,-0.29
15.529,0.17,-0.06,-0.26
15.542,0.08,-0.07,-0.32
15.548,0.01,-0.06,-0.28
15.559,0.01,-0.06,-0.22
15.568,0.01,-0.08,-0.22
15.578,0.03,-0.02,-0.32
15.589,0.01,0.00,-0.31
15.607,-0.05,0.00,-0.25
15.615,-0.06,0.00,-0.20
15.618,-0.09,-0.03,-0.19
15.628,-0.09,-0.05,-0.23
15.639,-0.05,-0.07,-0.26
15.647,0.03,-0.03,-0.24
15.659,0.10,-0.05,-0.22
15.667,0.10,-0.05,-0.25
15.679,0.13,-0.05,-0.27
15.687,1.25,0.22,1.14
15.706,-0.21,0.51,-3.31
15.711,-0.68,0.88,-3.04
15.717,-0.22,-0.46,-0.77
15.729,-0.10,-0.06,-0.44
15.736,-0.08,0.10,-0.20
15.746,-0.17,-0.16,-0.78
15.756,-0.10,0.06,-0.37
15.766,-0.08,0.03,-0.53
15.776,-0.08,0.00,-0.56
15.785,0.06,-0.01,-0.41
15.805,0.04,-0.03,-0.27
15.807,-0.04,-0.01,-0.25
15.815,0.02,-0.06,-0.32
15.826,0.04,-0.04,-0.27
15.835,0.17,-0.07,-0.25
15.846,0.14,-0.00,-0.31
15.855,-0.01,0.02,-0.30
15.865,-0.04,-0.05,-0.14
15.877,-0.04,-0.05,-0.30
15.893,-0.10,-0.00,-0.27
15.898,-0.08,-0.10,-0.18
15.907,-0.05,-0.04,-0.19
15.919,0.03,-0.06,-0.21
15.939,0.05,-0.02,-0.33
15.940,-0.01,-0.02,-0.30
15.944,-0.05,-0.02,-0.21
15.954,-0.01,-0.01,-0.29
15.964,-0.05,-0.03,-0.31
15.975,0.03,-0.03,-0.32
15.984,0.08,-0.03,-0.19
15.995,0.09,-0.04,-0.23
16.004,0.07,-0.02,-0.24
16.025,-0.05,0.03,-0.27
16.029,-0.15,0.05,-0.12
16.035,-0.04,-0.02,-0.13
16.050,0.01,0.03,-0.16
16.054,0.03,-0.10,-0.45
16.063,-0.01,0.02,-0.12
16.073,-0.07,0.18,-0.57
16.083,-0.33,-0.03,0.21
16.110,-0.14,0.05,-0.54
16.114,0.17,-0.06,-0.89
16.116,0.11,-0.06,-0.71
16.122,0.12,-0.15,0.02
16.132,0.03,-0.02,-0.43
16.143,0.15,-0.14,-0.17
16.152,-0.12,0.06,0.10
16.162,-0.09,0.16,0.13
16.172,-0.13,0.10,-0.01
16.182,0.08,-0.13,0.04
16.213,-0.07,-0.29,-0.28
16.215,0.03,-0.20,-0.59
16.217,-0.11,-0.10,-0.40
16.222,-0.04,0.08,-0.05
16.232,-0.02,0.11,-0.29
16.242,-0.03,0.09,-0.30
16.252,-0.02,0.07,-0.21
16.261,0.09,-0.01,-0.19
16.272,0.13,-0.15,-0.28
16.281,0.05,-0.19,-0.32
16.291,0.02,-0.13,-0.30
16.310,0.00,-0.02,-0.25
16.314,-0.02,0.07,-0.19
16.322,-0.07,0.07,-0.17
16.331,-0.03,0.02,-0.21
16.340,-0.05,-0.06,-0.33
16.350,-0.04,-0.04,-0.36
16.360,-0.02,-0.02,-0.19
16.370,0.02,-0.05,-0.23
16.380,0.03,-0.06,-0.31
16.390,0.08,-0.06,-0.30
16.404,0.07,-0.02,-0.16
16.424,0.06,0.02,-0.26
16.426,0.01,0.01,-0.26
16.430,0.04,-0.05,-0.28
16.439,0.07,-0.09,-0.31
16.449,0.06,-0.03,-0.27
16.460,-0.01,-0.01,-0.30
16.469,-0.10,-0.01,-0.21
16.478,-0.08,-0.03,-0.23
16.489,-0.07,-0.01,-0.19
16.506,-0.06,-0.05,-0.29
16.509,0.02,-0.04,-0.27
16.539,0.05,-0.01,-0.37
16.543,0.02,-0.07,-0.17
16.545,0.04,-0.05,-0.18
16.548,0.07,-0.04,-0.27
16.558,0.06,-0.01,-0.17
16.568,0.10,0.04,-0.23
16.578,0.11,-0.01,-0.21
16.588,0.08,-0.01,-0.26
16.615,-0.10,-0.03,-0.15
16.617,-0.03,0.01,-0.24
16.624,-0.05,-0.08,-0.41
16.628,0.00,-0.16,-0.14
16.637,0.05,-0.10,-0.25
16.647,0.07,-0.07,-0.37
16.658,0.08,0.02,-0.35
16.667,-0.07,0.10,-0.20
16.677,-0.06,0.10,-0.23
16.687,-0.09,0.01,-0.19
16.697,0.03,-0.10,-0.25
16.707,0.01,-0.15,-0.30
16.727,0.04,-0.11,-0.35
16.729,-0.03,-0.03,-0.20
16.736,-0.02,-0.06,-0.22
16.757,-0.06,-0.01,-0.30
16.759,0.01,0.02,-0.22
16.766,-0.06,0.06,-0.21
16.778,0.04,0.11,-0.20
16.785,0.05,-0.05,-0.25
16.795,0.08,-0.07,-0.23
16.806,-0.01,-0.09,-0.33
16.822,-0.03,-0.04,-0.31
16.831,-0.00,-0.02,-0.20
16.848,0.01,-0.02,-0.21
16.851,0.08,-0.00,-0.25
16.855,0.05,0.01,-0.28
16.865,0.01,0.03,-0.23
16.876,0.00,0.03,-0.20
16.885,0.00,-0.00,-0.31
16.905,0.00,-0.05,-0.22
16.907,0.01,-0.10,-0.33
16.929,0.02,-0.09,-0.28
16.930,0.05,-0.01,-0.27
16.935,-0.05,-0.05,-0.28
16.946,-0.03,-0.03,-0.22
16.954,-0.02,-0.04,-0.27
16.965,0.02,-0.01,-0.24
16.974,0.03,0.02,-0.18
16.985,0.05,0.01,-0.26
17.014,0.02,-0.04,-0.24
17.016,0.06,-0.07,-0.30
17.017,-0.02,-0.03,-0.28
17.024,-0.04,-0.01,-0.28
17.040,0.03,-0.06,-0.26
17.044,0.05,-0.04,-0.32
17.053,-0.02,-0.04,-0.34
17.063,-0.01,-0.02,-0.29
17.073,-0.01,-0.01,-0.28
17.084,-0.04,0.00,-0.21
17.093,-0.04,-0.01,-0.18
17.112,-0.02,-0.04,-0.25
17.115,0.04,-0.04,-0.29
17.122,-0.03,-0.09,-0.29
17.142,0.04,-0.02,-0.32
17.145,0.03,-0.06,-0.22
17.152,0.02,0.02,-0.24
17.163,0.03,0.01,-0.29
17.172,0.06,0.04,-0.24
17.185,0.02,0.06,-0.29
17.191,-0.00,-0.04,-0.22
17.219,-0.01,-0.02,-0.27
17.220,-0.04,-0.04,-0.27
17.223,0.00,-0.01,-0.33
17.234,-0.01,-0.04,-0.27
17.241,-0.01,-0.02,-0.31
17.255,-0.00,0.03,-0.23
17.262,0.04,0.01,-0.24
17.270,0.02,0.01,-0.25
17.281,-0.00,0.03,-0.27
17.291,0.02,0.01,-0.26
17.306,0.01,-0.05,-0.26
17.314,0.02,-0.04,-0.22
17.339,0.01,-0.05,-0.28
17.346,0.04,0.01,-0.27
17.348,-0.04,0.01,-0.29
17.351,-0.02,-0.00,-0.22
17.361,-0.02,0.01,-0.27
17.370,-0.02,0.04,-0.24
17.380,-0.03,-0.00,-0.24
17.390,-0.03,-0.03,-0.28
17.419,-0.03,-0.01,-0.25
17.421,0.01,-0.08,-0.28
17.422,-0.03,-0.01,-0.26
17.430,0.03,-0.06,-0.23
17.441,0.02,-0.01,-0.30
17.449,-0.01,-0.02,-0.25
17.459,0.03,0.02,-0.23
17.469,0.01,0.02,-0.28
17.483,0.01,-0.04,-0.24
17.488,-0.03,-0.00,-0.32
17.499,0.03,-0.01,-0.26
17.508,-0.01,-0.00,-0.22
17.531,-0.03,-0.04,-0.31
17.535,-0.02,-0.02,-0.31
17.540,-0.01,0.02,-0.31
17.549,-0.02,0.02,-0.23
17.559,-0.01,-0.00,-0.24
17.568,-0.02,0.02,-0.29
17.578,-0.00,-0.00,-0.21
17.587,-0.01,-0.01,-0.27
17.613,0.03,-0.01,-0.25
17.615,0.02,-0.09,-0.17
17.617,-0.02,-0.03,-0.30
17.627,0.01,-0.05,-0.20
17.638,-0.03,-0.00,-0.26
17.649,-0.01,-0.05,-0.24
17.658,-0.02,-0.01,-0.27
17.667,-0.01,-0.04,-0.29
17.677,-0.00,-0.01,-0.21
17.687,-0.02,0.01,-0.23
17.707,-0.00,0.02,-0.20
17.716,-0.00,-0.04,-0.26
17.720,0.03,-0.01,-0.26
17.733,0.04,-0.01,-0.31
17.737,0.02,0.04,-0.27
17.747,0.01,-0.02,-0.23
17.756,-0.00,-0.01,-0.25
17.766,0.02,0.03,-0.28
17.776,-0.01,-0.00,-0.32
17.786,-0.00,0.01,-0.24
17.807,-0.00,-0.05,-0.20
17.818,-0.00,0.01,-0.30
17.822,-0.01,-0.03,-0.22
17.826,-0.02,-0.05,-0.28
17.839,0.01,-0.01,-0.30
17.846,-0.01,-0.04,-0.25
17.855,0.02,-0.00,-0.20
17.870,0.01,-0.00,-0.23
17.875,-0.02,-0.03,-0.33
17.886,-0.02,-0.04,-0.33
17.895,-0.03,-0.05,-0.28
17.907,-0.01,-0.06,-0.23
17.933,-0.00,0.00,-0.20
17.935,0.01,-0.01,-0.22
17.936,0.01,0.01,-0.21
17.943,-0.07,0.01,-0.22
17.954,-0.04,0.00,-0.26
17.964,-0.03,-0.01,-0.26
17.974,-0.01,-0.01,-0.34
17.984,-0.06,0.01,-0.25
17.994,-0.02,-0.03,-0.25
18.009,0.04,-0.04,-0.23
18.032,0.03,-0.04,-0.29
18.034,-0.02,-0.05,-0.29
18.037,0.03,-0.02,-0.26
18.042,0.01,0.02,-0.22
18.054,0.01,0.01,-0.23
18.063,0.02,-0.01,-0.20
18.073,-0.02,-0.03,-0.26
18.082,-0.02,-0.03,-0.27
18.092,-0.02,0.00,-0.26
18.113,-0.03,-0.03,-0.28
18.117,-0.04,-0.02,-0.20
18.123,-0.00,0.00,-0.24
18.137,-0.03,-0.05,-0.24
18.142,0.03,-0.04,-0.27
18.152,-0.01,0.00,-0.26
18.162,-0.02,-0.02,-0.20
18.172,-0.03,0.02,-0.23
18.183,0.01,-0.04,-0.28
18.192,0.03,0.00,-0.35
18.202,0.03,0.00,-0.29
18.214,0.01,0.00,-0.25
18.242,-0.01,0.06,-0.33
18.244,-0.01,0.01,-0.26
18.245,0.02,0.00,-0.25
18.272,-0.01,0.02,-0.34
18.274,0.01,-0.03,-0.24
18.275,0.02,-0.01,-0.20
18.280,-0.03,-0.01,-0.23
18.291,0.03,-0.03,-0.24
18.310,-0.01,-0.03,-0.27
18.314,-0.00,0.00,-0.30
18.327,0.01,-0.04,-0.22
18.332,-0.02,0.01,-0.20
18.340,0.05,-0.04,-0.24
18.350,0.02,-0.01,-0.21
18.360,0.05,-0.03,-0.23
18.370,-0.03,0.01,-0.31
18.380,0.03,-0.03,-0.25
18.389,0.03,-0.03,-0.24
18.424,-0.03,-0.01,-0.25
18.426,-0.02,0.02,-0.30
18.427,-0.01,-0.01,-0.28
18.430,0.01,-0.02,-0.18
18.443,-0.01,0.00,-0.27
18.451,-0.00,0.00,-0.19
18.459,0.02,-0.03,-0.31
18.470,-0.01,-0.04,-0.28
18.479,0.01,-0.06,-0.20
18.489,0.02,0.02,-0.24
18.512,-0.00,-0.01,-0.27
18.524,-0.06,0.00,-0.22
18.526,-0.04,-0.03,-0.25
18.535,-0.01,0.05,-0.33
18.540,-0.00,0.01,-0.27
18.549,-0.02,-0.02,-0.30
18.557,-0.01,0.00,-0.28
18.569,-0.01,0.00,-0.30
18.577,-0.00,-0.02,-0.24
18.589,-0.02,-0.05,-0.25
18.599,0.02,-0.04,-0.31
18.622,0.01,-0.03,-0.27
18.624,-0.03,-0.03,-0.24
18.628,-0.02,-0.01,-0.24
18.657,0.03,0.02,-0.20
18.658,0.02,-0.01,-0.30
18.659,-0.03,0.01,-0.20
18.668,0.01,0.02,-0.29
18.677,-0.01,-0.03,-0.25
18.687,-0.02,-0.02,-0.29
18.697,0.01,-0.03,-0.29
18.714,-0.01,-0.01,-0.25
18.721,-0.00,-0.03,-0.30
18.727,-0.00,-0.01,-0.27
18.741,0.01,0.00,-0.28
18.747,-0.02,0.00,-0.31
18.756,0.01,0.00,-0.25
18.768,-0.00,-0.03,-0.27
18.775,-0.02,0.02,-0.25
18.786,0.01,0.00,-0.24
18.796,-0.00,0.00,-0.23
18.822,-0.00,0.02,-0.26
18.834,0.02,-0.04,-0.22
18.836,-0.02,-0.02,-0.27
18.839,0.01,0.04,-0.23
18.845,0.01,0.01,-0.20
18.856,-0.01,-0.03,-0.30
18.866,-0.00,0.01,-0.26
18.875,0.02,-0.04,-0.33
18.884,0.01,-0.05,-0.27
18.894,-0.04,-0.03,-0.26
18.908,0.00,0.00,-0.30
18.914,0.01,-0.03,-0.25
18.924,-0.01,-0.01,-0.25
18.934,-0.02,0.01,-0.23
18.944,0.01,0.00,-0.27
18.954,0.02,-0.01,-0.25
18.965,0.02,0.01,-0.21
18.974,-0.00,-0.04,-0.27
18.988,-0.02,0.00,-0.22
18.994,-0.00,-0.03,-0.27
19.005,0.01,0.02,-0.30
19.014,0.01,-0.02,-0.25
19.028,-0.02,-0.03,-0.24
19.056,0.01,-0.02,-0.24
19.061,-0.01,0.01,-0.30
19.065,-0.03,0.00,-0.24
19.066,0.01,0.00,-0.29
19.073,-0.02,-0.02,-0.23
19.085,0.02,-0.01,-0.30
19.092,0.01,0.04,-0.26
19.105,-0.01,-0.01,-0.24
19.112,-0.01,-0.01,-0.26
19.137,0.01,-0.01,-0.34
19.144,-0.02,-0.01,-0.27
19.146,0.02,-0.01,-0.26
19.175,-0.00,-0.03,-0.20
19.177,-0.01,0.03,-0.22
19.178,-0.05,0.01,-0.20
19.182,0.02,0.01,-0.28
19.191,0.04,0.01,-0.21
19.215,0.01,0.00,-0.25
19.217,0.01,0.01,-0.23
19.222,0.00,-0.01,-0.28
19.231,0.03,0.00,-0.26
19.241,0.00,0.01,-0.27
19.252,-0.01,-0.01,-0.24
19.261,-0.05,0.01,-0.18
19.271,0.01,0.00,-0.29
19.281,0.01,-0.03,-0.29
19.290,-0.02,-0.02,-0.22
19.322,0.02,-0.01,-0.28
19.335,-0.01,-0.02,-0.28
19.337,0.01,0.00,-0.34
19.339,0.01,0.00,-0.24
19.340,0.00,-0.04,-0.24
19.350,0.03,-0.03,-0.27
19.360,0.04,0.00,-0.23
19.370,0.01,-0.02,-0.31
19.379,0.01,-0.02,-0.26
19.390,0.02,-0.01,-0.33
19.400,-0.02,-0.02,-0.24
19.417,-0.01,0.00,-0.32
19.427,-0.02,-0.03,-0.31
19.431,0.03,0.02,-0.30
19.440,0.03,-0.03,-0.22
19.449,-0.04,0.00,-0.20
19.459,-0.05,-0.01,-0.30
19.470,-0.02,-0.05,-0.29
19.479,0.00,-0.01,-0.22
19.489,-0.03,0.01,-0.24
19.500,-0.03,-0.01,-0.32
19.514,-0.02,0.00,-0.26
19.547,-0.02,0.00,-0.26
19.551,-0.02,0.00,-0.30
19.553,0.01,-0.05,-0.20
19.554,-0.02,-0.02,-0.19
19.559,0.01,-0.03,-0.19
19.569,-0.06,-0.04,-0.19
19.578,-0.03,-0.01,-0.30
19.587,0.00,0.01,-0.31
19.598,-0.02,-0.01,-0.26
19.614,-0.02,-0.01,-0.28
19.621,0.04,0.00,-0.25
19.651,0.02,-0.02,-0.27
19.656,-0.01,-0.02,-0.29
19.659,-0.04,-0.03,-0.21
19.662,0.01,0.01,-0.24
19.668,-0.02,-0.02,-0.25
19.678,-0.04,0.02,-0.34
19.687,-0.03,-0.04,-0.28
19.697,-0.02,0.01,-0.25
19.713,-0.01,0.01,-0.23
19.751,0.01,0.01,-0.23
19.753,-0.01,0.01,-0.23
19.756,-0.01,-0.02,-0.29
19.757,-0.02,0.00,-0.22
19.758,-0.01,-0.04,-0.26
19.765,-0.01,0.01,-0.25
19.776,0.02,0.02,-0.20
19.789,0.01,0.01,-0.23
19.796,-0.01,0.01,-0.20
19.825,-0.02,-0.01,-0.29
19.827,0.05,-0.04,-0.26
19.827,0.01,-0.01,-0.23
19.840,0.01,0.01,-0.26
19.849,-0.02,0.00,-0.20
19.856,-0.02,-0.02,-0.23
19.865,-0.01,-0.02,-0.23
19.875,-0.02,-0.05,-0.28
19.886,-0.01,0.05,-0.27
19.895,-0.03,0.01,-0.30
19.904,-0.02,0.01,-0.25
19.914,0.02,-0.01,-0.33
19.943,-0.01,-0.01,-0.27
19.951,-0.01,0.01,-0.28
19.958,-0.01,0.00,-0.23
19.959,-0.02,-0.03,-0.21
19.975,-0.01,-0.01,-0.30
19.977,-0.05,-0.01,-0.24
19.984,-0.05,-0.02,-0.30
19.994,0.05,-0.03,-0.28
20.020,-0.02,0.01,-0.30
20.023,0.00,0.01,-0.34
20.024,-0.01,0.00,-0.26
20.033,-0.04,-0.01,-0.27
20.057,-0.02,0.01,-0.22
20.059,-0.01,0.00,-0.26
20.064,-0.03,-0.01,-0.27
20.073,-0.02,0.02,-0.20
20.082,-0.03,-0.03,-0.22
20.093,-0.02,-0.04,-0.26
20.117,-0.03,-0.04,-0.27
20.119,-0.02,0.02,-0.24
20.122,-0.04,-0.01,-0.25
20.132,0.06,-0.01,-0.19
20.147,0.02,0.03,-0.34
20.153,0.04,0.00,-0.27
20.162,0.03,0.00,-0.32
20.172,-0.06,0.00,-0.33
20.181,-0.03,-0.02,-0.20
20.192,0.00,-0.04,-0.30
20.201,0.01,0.01,-0.27
20.215,0.01,0.02,-0.30
20.240,0.01,-0.01,-0.28
20.241,-0.01,0.03,-0.28
20.243,-0.07,-0.00,-0.26
20.251,-0.09,-0.06,-0.27
20.261,-0.07,-0.01,-0.24
20.272,0.03,0.00,-0.29
20.280,0.07,0.02,-0.27
20.291,0.07,-0.05,-0.27
20.300,0.04,-0.04,-0.25
20.318,-0.06,-0.03,-0.25
20.321,-0.12,0.01,-0.24
20.330,-0.04,0.01,-0.29
20.351,0.02,-0.03,-0.27
20.354,0.05,-0.02,-0.30
20.360,0.02,-0.05,-0.22
20.371,-0.06,0.00,-0.23
20.379,-0.06,-0.01,-0.22
20.390,-0.04,-0.01,-0.26
20.400,-0.04,0.00,-0.28
20.415,0.07,-0.05,-0.21
20.449,0.09,0.00,-0.23
20.453,0.02,-0.01,-0.27
20.454,0.04,0.00,-0.20
20.455,-0.06,0.00,-0.26
20.459,-0.08,0.00,-0.22
20.469,-0.10,-0.01,-0.22
20.479,-0.08,0.00,-0.18
20.490,-0.02,-0.01,-0.29
20.499,-0.02,0.01,-0.30
20.509,-0.05,-0.06,-0.19
20.521,-0.05,0.01,-0.25
20.545,-0.07,-0.02,-0.21
20.551,0.04,-0.04,-0.25
20.554,0.07,0.02,-0.30
20.572,0.06,-0.03,-0.24
20.574,0.07,0.05,-0.27
20.578,0.05,-0.03,-0.19
20.589,-0.04,-0.03,-0.29
20.597,0.01,-0.01,-0.31
20.607,0.00,0.01,-0.26
20.618,0.01,-0.03,-0.29
20.637,-0.06,-0.05,-0.28
20.644,-0.05,-0.01,-0.19
20.648,-0.11,-0.03,-0.28
20.660,-0.16,-0.01,-0.23
20.668,-0.09,-0.01,-0.20
20.677,-0.02,0.01,-0.26
20.689,0.02,0.02,-0.26
20.696,0.03,-0.02,-0.24
20.708,0.04,0.02,-0.27
20.716,0.08,0.01,-0.23
20.740,0.10,-0.04,-0.25
20.742,0.09,0.01,-0.26
20.750,0.03,0.00,-0.31
20.769,0.00,0.02,-0.23
20.771,-0.07,-0.02,-0.26
20.776,-0.04,-0.02,-0.29
20.786,-0.09,-0.01,-0.23
20.796,-0.13,-0.01,-0.25
20.817,-0.13,-0.01,-0.23
20.820,-0.10,0.00,-0.29
20.835,-0.06,-0.04,-0.22
20.845,0.09,0.00,-0.28
20.855,0.09,0.03,-0.21
20.865,0.12,-0.01,-0.29
20.875,0.12,-0.01,-0.27
20.886,0.11,-0.04,-0.21
20.895,0.12,0.00,-0.25
20.923,0.08,-0.02,-0.29
20.925,0.04,0.00,-0.24
20.926,-0.12,-0.04,-0.25
20.934,-0.16,-0.04,-0.24
20.950,-0.15,-0.01,-0.19
20.957,-0.16,-0.03,-0.24
20.964,-0.14,-0.02,-0.28
20.974,-0.06,0.02,-0.20
20.984,-0.00,0.03,-0.25
20.994,0.04,-0.03,-0.22
21.016,0.06,0.01,-0.24
21.018,0.14,-0.04,-0.15
21.056,0.12,0.01,-0.22
21.059,0.08,-0.03,-0.28
21.060,0.09,-0.01,-0.26
21.062,0.07,-0.02,-0.24
21.064,-0.09,-0.04,-0.30
21.073,-0.05,0.00,-0.20
21.083,-0.08,0.03,-0.28
21.093,-0.17,-0.03,-0.24
21.103,-0.13,-0.03,-0.23
21.118,-0.11,-0.02,-0.23
21.123,-0.10,-0.01,-0.26
21.132,-0.07,-0.03,-0.30
21.150,-0.02,0.00,-0.17
21.152,0.06,0.00,-0.25
21.185,0.14,-0.07,-0.28
21.187,0.14,-0.06,-0.28
21.192,0.10,-0.05,-0.21
21.201,0.00,0.02,-0.25
21.211,-0.00,0.00,-0.27
21.244,-0.05,-0.03,-0.28
21.247,-0.07,-0.04,-0.23
21.250,-0.09,-0.02,-0.19
21.252,-0.08,0.00,-0.28
21.268,-0.14,0.03,-0.20
21.272,-0.04,-0.03,-0.20
21.280,-0.03,0.00,-0.33
21.291,0.01,-0.01,-0.26
21.301,0.05,0.02,-0.26
21.310,0.13,-0.03,-0.27
21.320,0.09,-0.04,-0.21
21.334,0.04,0.00,-0.23
21.372,0.02,-0.03,-0.24
21.374,0.01,0.01,-0.26
21.375,0.02,-0.03,-0.25
21.376,-0.03,-0.04,-0.24
21.380,-0.03,-0.02,-0.23
21.391,-0.10,0.00,-0.25
21.400,-0.07,-0.01,-0.22
21.409,-0.09,-0.03,-0.25
21.419,-0.04,-0.02,-0.25
21.437,0.00,0.01,-0.22
21.440,-0.00,-0.02,-0.26
21.449,0.03,-0.02,-0.28
21.460,-0.00,-0.02,-0.27
21.469,0.07,-0.01,-0.21
21.479,0.05,-0.03,-0.20
21.490,0.06,-0.02,-0.26
21.499,0.01,0.00,-0.25
21.510,0.01,-0.03,-0.16
21.522,-0.05,-0.01,-0.25
21.537,-0.10,0.05,-0.25
21.539,-0.07,0.04,-0.23
21.548,-0.08,-0.02,-0.24
21.559,0.00,0.02,-0.26
21.568,0.01,-0.02,-0.19
21.578,-0.00,-0.01,-0.21
21.588,-0.00,-0.02,-0.24
21.598,0.05,-0.03,-0.25
21.617,0.08,0.00,-0.18
21.619,0.05,0.00,-0.24
21.647,0.10,0.00,-0.21
21.648,0.01,-0.03,-0.23
21.649,-0.03,0.02,-0.32
21.658,-0.01,0.00,-0.26
21.667,-0.06,-0.03,-0.24
21.677,-0.04,-0.01,-0.30
21.688,-0.04,-0.01,-0.22
21.697,-0.04,-0.01,-0.18
21.724,-0.05,0.00,-0.24
21.726,-0.01,-0.04,-0.26
21.727,0.01,0.01,-0.22
21.737,0.01,0.00,-0.28
21.750,0.06,0.01,-0.26
21.758,0.01,-0.01,-0.23
21.766,0.04,-0.01,-0.20
21.776,0.06,-0.00,-0.33
21.786,0.02,-0.03,-0.23
21.796,0.01,0.01,-0.24
21.805,-0.03,0.00,-0.30
21.826,-0.02,0.02,-0.23
21.831,-0.01,-0.01,-0.21
21.836,-0.04,-0.03,-0.18
21.864,-0.05,-0.00,-0.30
21.866,-0.04,-0.01,-0.23
21.867,0.04,0.02,-0.33
21.877,0.08,0.02,-0.30
21.885,0.14,-0.00,-0.28
21.895,-0.04,-0.01,-0.16
21.904,-0.25,-0.04,-0.26
21.914,-0.11,0.04,-0.19
21.932,0.06,-0.08,-0.26
21.938,0.15,0.01,-0.36
21.945,0.25,-0.01,-0.37
21.954,0.09,-0.01,-0.29
21.964,-0.04,0.04,-0.28
21.974,-0.10,-0.04,-0.23
21.984,-0.16,-0.02,-0.23
21.993,-0.13,0.03,-0.22
22.004,-0.06,-0.00,-0.27
22.015,-0.04,-0.02,-0.22
22.043,-0.03,0.02,-0.22
22.045,0.03,0.03,-0.26
22.047,0.15,0.03,-0.32
22.054,0.20,0.00,-0.32
22.064,0.07,-0.02,-0.34
22.073,-0.02,-0.02,-0.22
22.082,-0.03,-0.02,-0.20
22.093,-0.03,-0.01,-0.22
22.102,0.00,-0.01,-0.24
22.112,0.08,0.02,-0.27
22.122,0.06,-0.04,-0.30
22.134,-0.02,-0.01,-0.26
22.149,-0.06,-0.03,-0.19
22.152,-0.07,0.00,-0.21
22.162,-0.03,-0.03,-0.21
22.172,0.03,-0.03,-0.16
22.181,0.00,-0.03,-0.27
22.192,0.00,-0.01,-0.26
22.201,0.02,0.02,-0.23
22.212,0.02,-0.00,-0.24
22.222,0.03,0.04,-0.22
22.236,-0.01,-0.02,-0.27
22.244,-0.00,-0.02,-0.24
22.251,-0.01,0.00,-0.27
22.270,0.00,-0.03,-0.23
22.273,-0.05,0.00,-0.23
22.281,-0.07,0.01,-0.23
22.293,-0.06,-0.01,-0.26
22.301,-0.03,0.02,-0.24
22.311,-0.00,-0.01,-0.22
22.321,0.01,-0.02,-0.21
22.336,0.01,-0.02,-0.18
22.345,-0.02,-0.01,-0.29
22.352,-0.00,0.03,-0.27
22.361,0.01,-0.02,-0.23
22.370,0.05,0.01,-0.29
22.380,0.05,-0.01,-0.23
22.390,-0.02,-0.03,-0.20
22.399,-0.02,-0.03,-0.24
22.420,-0.04,-0.03,-0.29
22.421,0.01,-0.01,-0.32
22.444,-0.02,-0.01,-0.25
22.448,0.01,-0.03,-0.21
22.451,-0.02,-0.03,-0.28
22.459,0.01,-0.04,-0.25
22.469,-0.00,-0.02,-0.20
22.480,0.03,-0.01,-0.24
22.491,0.02,-0.03,-0.22
22.499,0.02,-0.03,-0.20
22.520,0.01,-0.02,-0.27
22.523,0.02,0.02,-0.27
22.542,0.00,-0.01,-0.31
22.544,0.04,-0.01,-0.24
22.549,-0.01,-0.02,-0.27
22.559,-0.01,0.00,-0.26
22.568,-0.04,-0.02,-0.24
22.579,-0.02,-0.02,-0.24
22.589,-0.00,-0.01,-0.20
22.598,-0.02,-0.01,-0.27
22.609,0.01,-0.02,-0.24
22.617,0.01,-0.01,-0.22
22.629,-0.03,-0.01,-0.24
22.638,0.00,-0.03,-0.22
22.662,-0.00,-0.02,-0.22
22.665,0.01,0.01,-0.28
22.667,-0.03,-0.01,-0.21
22.691,0.02,0.01,-0.19
22.693,0.04,-0.01,-0.26
22.697,0.00,-0.01,-0.24
22.707,0.00,-0.00,-0.19
22.716,-0.02,-0.00,-0.25
22.743,0.01,0.01,-0.44
22.745,0.25,-0.05,-0.32
22.750,-0.01,-0.03,-0.30
22.756,-0.29,-0.00,-0.22
22.766,-0.14,0.06,-0.25
22.776,-0.06,0.01,-0.26
22.786,-0.07,-0.02,-0.29
22.795,-0.03,0.05,-0.22
22.806,-0.09,-0.02,-0.26
22.815,-0.08,-0.02,-0.25
22.841,0.03,0.01,-0.31
22.850,0.18,0.00,-0.33
22.851,0.20,-0.00,-0.36
22.868,0.10,-0.02,-0.27
22.871,-0.09,0.01,-0.21
