0.015,0.01,-0.03,0.26
0.016,0.00,0.01,0.25
0.025,0.03,0.02,0.08
0.043,0.11,-0.03,-0.20
0.044,0.02,0.00,-0.24
0.060,0.08,-0.03,-0.11
0.064,0.01,-0.01,0.07
0.074,0.02,-0.03,0.13
0.099,-0.02,0.02,0.19
0.101,0.03,-0.01,0.04
0.106,0.03,-0.03,-0.12
0.114,0.02,0.00,-0.11
0.123,0.01,-0.01,-0.05
0.147,0.04,-0.03,0.06
0.148,0.08,0.02,0.14
0.154,0.00,-0.01,0.08
0.163,0.01,0.00,0.04
0.185,0.05,-0.04,-0.03
0.186,0.04,-0.02,-0.07
0.192,0.06,-0.04,-0.02
0.202,0.02,-0.02,0.02
0.215,0.09,-0.02,0.11
0.223,-0.08,-0.05,0.05
0.232,0.09,0.01,0.02
0.253,0.13,-0.01,-0.06
0.256,-0.04,-0.05,-0.05
0.280,0.03,-0.02,0.02
0.282,0.03,-0.01,0.01
0.283,0.04,0.00,-0.01
0.291,0.06,0.01,0.01
0.302,0.00,0.00,-0.02
0.311,0.01,0.01,-0.02
0.322,0.05,-0.02,-0.03
0.332,0.06,-0.03,-0.04
0.348,-0.01,-0.04,0.03
0.350,0.03,0.00,0.04
0.360,-0.01,0.00,0.04
0.379,0.14,0.00,-0.01
0.383,-0.02,-0.03,-0.03
0.400,0.04,-0.03,-0.05
0.403,0.03,0.02,-0.04
0.409,0.03,-0.05,0.02
0.419,0.04,-0.01,0.00
0.430,0.08,-0.03,-0.05
0.440,0.02,0.00,0.00
0.450,-0.01,-0.05,0.02
0.477,0.07,-0.03,-0.03
0.480,-0.03,-0.01,-0.04
0.481,0.06,-0.01,0.04
0.493,0.04,-0.01,-0.04
0.500,0.02,-0.04,-0.05
0.509,0.02,-0.05,-0.03
0.518,0.04,0.01,-0.06
0.528,0.01,-0.00,-0.01
0.537,0.03,-0.00,0.02
0.549,0.07,0.02,-0.04
0.579,0.00,-0.02,0.00
0.580,0.04,-0.02,0.01
0.581,0.01,-0.02,-0.01
0.588,0.03,-0.02,0.00
0.598,0.03,-0.01,0.02
0.607,0.03,-0.01,0.00
0.619,-0.01,0.02,-0.01
0.626,0.11,-0.01,0.00
0.637,0.01,0.02,-0.03
0.648,-0.04,0.08,-0.06
0.684,0.00,-0.10,0.05
0.685,0.02,-0.01,-0.05
0.687,0.03,-0.01,0.06
0.688,0.04,-0.07,0.02
0.696,-0.01,0.03,0.04
0.706,0.06,0.01,-0.02
0.717,-0.01,-0.03,0.00
0.726,0.04,-0.00,-0.06
0.736,0.01,-0.00,-0.01
0.745,0.08,0.03,0.01
0.768,0.03,0.03,0.01
0.770,0.03,0.02,-0.02
0.775,0.02,-0.01,-0.02
0.797,0.02,-0.03,0.00
0.800,0.04,-0.02,-0.02
0.805,0.03,0.00,-0.04
0.815,0.02,0.04,-0.00
0.824,0.01,0.03,-0.08
0.849,0.05,-0.01,0.03
0.851,0.04,-0.03,-0.01
0.858,0.02,-0.03,-0.01
0.864,0.05,0.00,-0.06
0.874,0.03,0.04,-0.00
0.885,0.06,-0.01,0.03
0.893,0.05,0.02,-0.00
0.903,0.04,-0.02,0.03
0.913,0.04,-0.03,-0.00
0.923,0.05,-0.02,-0.01
0.933,0.04,0.01,-0.04
0.948,0.02,-0.01,0.04
0.953,0.02,0.03,0.01
0.966,0.02,0.00,-0.04
0.973,0.02,0.02,0.06
0.982,-0.02,-0.02,0.02
1.003,0.04,-0.01,-0.00
1.005,0.05,0.00,-0.00
1.016,-0.01,0.01,-0.01
1.026,0.03,-0.02,-0.03
1.032,0.04,-0.01,-0.01
1.041,0.01,-0.02,-0.00
1.061,0.01,-0.04,0.03
1.063,0.00,-0.01,-0.02
1.098,0.03,0.01,0.02
1.100,0.01,-0.01,0.05
1.101,0.02,-0.03,-0.03
1.102,0.00,-0.01,-0.04
1.110,0.01,-0.02,-0.01
1.121,0.03,-0.01,-0.03
1.130,0.04,-0.02,0.01
1.140,0.04,-0.09,-0.02
1.150,0.07,-0.02,0.04
1.164,0.02,0.00,0.06
1.175,0.05,-0.03,-0.00
1.180,0.05,-0.03,0.01
1.192,0.06,0.00,-0.01
1.200,0.01,-0.01,-0.00
1.211,0.02,-0.07,-0.00
1.222,0.04,-0.01,0.04
1.229,0.05,0.02,0.02
1.239,0.06,0.00,0.01
1.249,0.03,-0.02,-0.00
1.266,0.00,0.00,0.03
1.268,0.02,-0.02,-0.02
1.278,0.02,0.01,-0.02
1.288,0.01,-0.01,-0.03
1.298,0.02,-0.02,0.01
1.308,0.03,-0.02,-0.04
1.320,0.02,0.00,0.02
1.328,0.03,0.00,-0.03
1.340,0.02,0.01,0.04
1.349,0.04,-0.01,-0.01
1.382,0.03,-0.03,-0.00
1.386,0.07,0.00,0.06
1.387,0.04,0.00,-0.08
1.388,0.04,0.02,0.02
1.397,0.07,0.02,-0.07
1.408,0.01,-0.02,-0.01
1.416,0.02,-0.04,0.03
1.428,0.03,0.01,-0.08
1.447,0.03,-0.03,0.05
1.453,0.01,-0.03,0.03
1.464,0.03,-0.06,0.03
1.467,-0.02,-0.03,0.01
1.476,0.06,0.00,0.00
1.487,0.02,-0.04,0.00
1.495,-0.01,0.01,0.02
1.505,0.03,-0.01,0.02
1.516,0.03,0.00,0.02
1.526,0.05,0.00,-0.00
1.557,0.07,-0.03,-0.02
1.562,0.07,0.00,0.00
1.564,0.06,-0.04,-0.01
1.566,0.01,0.02,-0.01
1.575,0.07,-0.00,0.01
1.585,0.03,-0.02,0.01
1.595,0.02,-0.02,0.02
1.605,0.06,-0.04,0.00
1.614,0.01,0.02,-0.01
1.624,0.01,-0.01,-0.03
1.634,0.06,-0.02,0.05
1.644,0.05,0.03,-0.04
1.688,0.07,-0.02,0.05
1.691,-0.04,-0.02,0.05
1.692,0.05,-0.03,0.02
1.693,-0.03,0.03,0.02
1.694,0.05,-0.06,0.01
1.704,0.05,0.02,0.04
1.713,0.03,0.02,0.01
1.724,0.05,-0.02,-0.04
1.733,0.06,0.01,-0.01
1.743,0.03,-0.01,-0.00
1.752,-0.01,-0.00,0.06
1.765,0.06,0.01,0.03
1.803,0.04,-0.04,-0.01
1.806,0.04,-0.01,0.02
1.807,0.05,-0.01,-0.00
1.808,0.01,0.01,-0.00
1.812,0.03,0.01,0.02
1.823,0.05,0.03,-0.05
1.831,0.01,0.01,0.03
1.841,0.02,-0.01,-0.05
1.851,0.03,-0.03,-0.03
1.865,0.04,-0.01,0.00
1.871,0.05,0.01,-0.01
1.899,0.02,-0.00,0.01
1.901,0.05,-0.00,-0.03
1.902,0.03,-0.01,0.01
1.911,0.06,0.01,-0.03
1.921,0.00,-0.00,0.01
1.930,0.07,-0.02,0.03
1.940,0.02,-0.03,-0.02
1.950,0.04,-0.01,-0.06
1.974,0.06,-0.01,-0.04
1.976,0.02,-0.01,0.04
1.982,0.00,0.01,0.01
2.001,0.04,-0.01,-0.03
2.003,0.01,-0.00,-0.02
2.009,0.03,-0.03,-0.06
2.021,0.06,-0.00,-0.02
2.029,0.00,0.01,0.07
2.039,0.00,0.01,-0.02
2.050,0.05,0.01,-0.04
2.083,0.03,-0.01,0.03
2.085,0.04,-0.01,-0.03
2.087,0.02,0.01,-0.05
2.088,-0.01,0.01,0.04
2.098,0.02,-0.01,-0.04
2.108,0.04,0.01,-0.02
2.118,0.06,0.01,0.04
2.128,0.06,-0.03,-0.01
2.139,0.08,-0.00,-0.03
2.147,0.03,-0.00,0.00
2.175,0.04,-0.02,-0.02
2.179,0.02,-0.00,-0.02
2.182,0.05,-0.05,-0.03
2.197,0.03,-0.01,-0.03
2.198,0.05,0.01,0.09
2.207,0.04,0.02,0.03
2.216,0.05,-0.02,0.00
2.227,0.06,-0.03,-0.07
2.236,0.00,-0.01,-0.06
2.245,0.01,-0.02,-0.01
2.265,0.05,-0.01,-0.01
2.288,-0.00,0.05,-0.04
2.289,0.04,-0.02,-0.01
2.291,-0.00,-0.03,0.01
2.295,-0.01,0.02,0.02
2.305,0.01,0.02,-0.01
2.315,0.04,-0.02,0.02
2.325,0.03,-0.04,0.04
2.335,-0.00,0.03,-0.06
2.345,0.05,-0.02,-0.05
2.378,0.04,-0.00,-0.01
2.383,0.04,-0.01,-0.01
2.385,-0.01,0.02,-0.06
2.394,0.01,-0.04,-0.01
2.406,0.01,-0.01,-0.05
2.414,0.04,-0.01,0.03
2.424,0.05,-0.00,0.07
2.434,0.03,0.01,-0.02
2.445,-0.02,0.01,-0.02
2.470,0.02,0.01,0.06
2.472,0.02,0.02,-0.00
2.475,-0.00,-0.04,-0.01
2.483,0.04,0.01,-0.03
2.495,0.03,-0.02,-0.06
2.503,-0.01,-0.00,-0.05
2.513,0.04,-0.00,0.05
2.523,0.04,-0.03,0.01
2.532,0.04,0.02,0.04
2.543,0.04,0.04,0.03
2.554,0.05,0.03,0.03
2.577,-0.00,0.01,-0.04
2.581,-0.00,-0.04,-0.01
2.584,-0.00,-0.01,0.03
2.600,0.06,-0.04,-0.05
2.602,0.06,-0.02,0.01
2.612,-0.00,-0.04,0.01
2.622,0.05,-0.03,-0.03
2.631,0.05,0.02,0.02
2.642,-0.01,-0.00,-0.03
2.651,0.02,0.01,-0.01
2.676,0.04,0.01,0.03
2.678,-0.00,-0.00,-0.02
2.680,0.06,-0.06,0.03
2.697,0.08,0.01,0.02
2.702,0.06,0.01,0.03
2.710,0.03,-0.00,-0.01
2.721,0.08,0.04,-0.08
2.730,0.02,-0.00,0.01
2.740,0.02,0.02,-0.01
2.749,0.02,-0.01,0.00
2.772,0.03,-0.00,0.01
2.774,-0.04,0.01,-0.05
2.779,0.09,-0.02,-0.01
2.798,0.03,-0.01,0.04
2.799,-0.01,0.02,-0.03
2.809,0.05,0.01,0.01
2.819,0.05,-0.05,-0.03
2.828,0.03,-0.00,-0.02
2.840,0.02,-0.02,-0.01
2.849,0.05,-0.01,-0.03
2.858,0.03,-0.03,0.05
2.868,0.02,0.03,-0.01
2.884,0.02,0.02,0.02
2.889,0.04,-0.00,0.08
2.906,0.03,-0.00,0.01
2.907,-0.00,-0.01,-0.01
2.918,-0.00,-0.04,-0.04
2.928,0.02,-0.05,0.00
2.937,0.02,0.02,0.02
2.947,0.06,-0.00,0.01
2.974,0.05,-0.03,0.01
2.980,0.06,-0.03,-0.02
2.997,0.02,-0.00,-0.05
2.998,0.07,0.01,0.00
2.999,0.04,0.01,0.01
3.008,0.04,0.01,0.05
3.016,-0.01,-0.00,0.00
3.028,0.07,-0.00,0.05
3.036,0.02,-0.00,0.00
3.046,-0.00,-0.02,-0.02
3.065,0.07,-0.00,0.05
3.067,0.02,-0.01,-0.01
3.081,0.03,-0.01,-0.01
3.086,0.04,0.01,0.00
3.096,-0.03,-0.01,-0.01
3.106,0.07,0.03,0.01
3.115,0.05,-0.02,-0.03
3.125,0.08,0.01,0.05
3.135,0.02,0.03,-0.01
3.146,0.03,0.02,0.01
3.184,0.04,0.01,0.04
3.186,0.07,-0.02,0.05
3.192,0.02,-0.02,-0.07
3.194,0.07,0.01,0.03
3.195,0.06,-0.01,0.06
3.205,0.04,0.02,0.00
3.213,0.03,-0.04,-0.02
3.225,0.07,0.03,-0.03
3.233,-0.00,-0.03,-0.03
3.243,0.06,-0.00,0.00
3.255,0.03,0.01,0.00
3.275,0.04,0.01,0.06
3.286,0.05,-0.04,-0.03
3.291,0.06,0.03,0.01
3.295,0.04,-0.01,-0.03
3.306,0.01,0.03,-0.02
3.312,0.01,0.03,-0.02
3.325,0.03,-0.01,0.01
3.332,0.08,0.03,0.00
3.343,0.02,-0.02,-0.01
3.352,0.02,-0.02,0.04
3.381,0.03,-0.02,-0.01
3.388,0.01,-0.00,-0.01
3.389,0.02,0.01,0.03
3.395,0.02,-0.00,-0.01
3.402,0.06,-0.01,0.10
3.412,0.06,0.03,-0.07
3.421,0.02,0.02,0.04
3.431,0.05,0.03,-0.07
3.442,0.07,0.03,-0.01
3.451,0.05,0.02,0.04
3.465,0.08,-0.02,0.03
3.473,0.05,-0.04,0.06
3.491,0.07,0.02,0.01
3.494,0.04,0.03,-0.03
3.501,0.01,0.02,-0.01
3.510,0.05,0.01,-0.02
3.520,0.03,0.01,0.05
3.530,0.02,-0.01,-0.06
3.541,0.02,-0.00,-0.03
3.549,0.03,-0.01,0.00
3.559,0.02,0.02,0.04
3.569,0.04,0.02,-0.03
3.596,0.05,-0.05,0.01
3.598,0.02,-0.01,0.00
3.603,0.03,-0.00,0.03
3.615,0.08,-0.02,-0.03
3.619,0.03,-0.02,0.04
3.628,0.04,-0.02,0.00
3.638,0.05,-0.00,-0.02
3.648,0.01,-0.01,0.01
3.674,-0.00,0.01,-0.01
3.675,-0.01,-0.00,-0.04
3.678,0.03,0.02,0.02
3.689,-0.00,-0.03,0.02
3.707,0.05,0.02,0.04
3.709,0.02,0.01,0.02
3.717,0.03,-0.02,-0.01
3.728,0.04,0.01,-0.06
3.736,0.04,0.03,-0.01
3.747,0.06,-0.02,0.04
3.778,0.04,0.01,-0.02
3.781,0.02,0.01,-0.01
3.784,0.02,-0.04,-0.01
3.787,0.02,0.01,-0.03
3.802,0.06,-0.02,0.02
3.807,0.04,-0.01,-0.02
3.816,0.05,0.02,0.01
3.826,0.05,-0.01,0.03
3.836,0.03,-0.02,-0.01
3.846,0.03,-0.02,-0.03
3.856,0.01,-0.02,0.05
3.871,0.04,-0.00,-0.04
3.877,-0.00,0.01,0.04
3.885,0.06,-0.00,0.02
3.897,0.02,0.03,0.01
3.906,0.01,-0.00,-0.01
3.915,0.02,-0.02,-0.01
3.928,0.03,0.02,0.00
3.935,0.03,-0.00,0.02
3.945,0.04,-0.00,0.01
3.954,0.04,-0.01,0.05
3.989,0.01,0.01,-0.02
3.991,0.05,-0.02,0.01
3.992,0.03,-0.01,0.00
4.012,0.05,-0.01,0.03
4.014,0.04,-0.03,0.00
4.015,0.01,-0.02,0.01
4.045,0.03,-0.01,0.00
4.046,0.05,0.02,0.03
4.047,0.01,-0.04,-0.03
4.053,0.03,-0.00,-0.02
4.063,0.03,-0.02,-0.01
4.073,0.07,-0.00,0.01
4.089,-0.01,0.01,-0.01
4.093,0.03,-0.00,0.03
4.103,-0.00,0.02,0.00
4.113,-0.01,-0.03,0.02
4.123,0.01,-0.03,0.03
4.132,-0.00,0.01,-0.01
4.143,0.05,0.03,0.03
4.152,-0.00,-0.02,-0.03
4.162,0.03,-0.04,-0.02
4.173,0.06,-0.00,0.04
4.202,0.04,0.06,0.04
4.205,0.04,-0.02,0.04
4.206,0.01,0.02,0.00
4.249,0.02,-0.02,-0.03
4.250,-0.00,0.03,-0.04
4.251,0.04,0.04,0.01
4.252,0.03,-0.02,-0.02
4.254,0.01,-0.00,-0.01
4.263,0.04,-0.01,0.02
4.271,0.03,-0.04,0.02
4.286,0.05,-0.02,-0.03
4.314,0.06,0.01,-0.02
4.316,0.03,0.04,0.04
4.318,0.04,0.01,0.00
4.320,0.04,-0.00,-0.02
4.330,0.02,0.02,-0.01
4.339,0.01,0.01,-0.05
4.349,0.01,-0.01,0.14
4.372,0.01,-0.00,-0.02
4.375,0.02,-0.01,0.05
4.380,0.04,-0.01,0.00
4.394,0.03,-0.01,0.04
4.399,0.01,-0.02,0.01
4.409,0.05,0.03,0.02
4.419,0.01,-0.00,-0.01
4.429,0.03,0.02,0.03
4.438,0.01,-0.01,-0.01
4.449,0.04,0.01,0.02
4.484,0.05,0.01,-0.03
4.486,0.06,-0.03,0.08
4.487,0.04,-0.02,-0.01
4.488,0.04,-0.01,0.02
4.529,0.02,-0.02,-0.01
4.531,0.05,0.03,0.04
4.532,0.04,0.01,-0.05
4.533,0.02,0.04,0.10
4.539,0.03,0.02,-0.01
4.547,0.02,-0.02,0.01
4.557,0.02,0.02,0.01
4.575,-0.00,0.01,0.00
4.579,0.04,0.05,-0.05
4.587,-0.03,-0.02,-0.02
4.597,0.04,-0.01,-0.01
4.606,0.02,-0.03,0.00
4.616,0.03,-0.00,-0.04
4.627,0.02,0.01,0.02
4.636,0.05,-0.00,0.01
4.646,0.05,0.02,0.02
4.656,0.04,0.02,-0.01
4.672,-0.02,-0.00,-0.01
4.678,0.06,0.01,-0.06
4.701,0.03,-0.01,-0.04
4.705,0.02,0.02,0.02
4.707,0.03,0.01,0.04
4.715,0.02,-0.00,-0.02
4.724,0.02,-0.00,-0.01
4.735,-0.01,-0.01,-0.06
4.746,0.04,-0.00,-0.01
4.754,0.01,-0.01,0.03
4.780,0.04,-0.00,0.12
4.784,0.02,-0.00,-0.07
4.785,0.03,0.02,0.03
4.795,0.02,0.01,0.03
4.804,0.02,0.02,-0.01
4.814,0.07,-0.03,-0.04
4.824,0.05,0.02,0.01
4.833,0.02,-0.04,-0.01
4.844,0.04,0.02,0.03
4.853,0.02,0.06,-0.02
4.863,0.02,-0.00,-0.02
4.875,-0.00,0.01,-0.06
4.917,0.05,-0.00,0.07
4.919,-0.03,-0.00,-0.06
4.924,0.05,0.02,-0.00
4.927,0.02,-0.02,-0.00
4.928,0.02,-0.00,0.02
4.934,0.02,-0.01,0.02
4.944,0.01,0.01,-0.01
4.954,-0.00,0.04,-0.04
4.961,0.05,-0.00,0.01
4.974,0.05,-0.01,0.02
4.987,0.06,-0.03,0.05
5.002,0.02,-0.00,0.05
5.004,0.02,-0.01,0.01
5.011,0.03,0.01,0.02
5.021,0.05,-0.00,-0.01
5.031,0.02,-0.03,-0.00
5.040,0.02,-0.01,-0.00
5.050,0.05,-0.01,0.02
5.074,0.04,0.03,0.08
5.076,-0.01,0.01,0.01
5.080,0.04,-0.00,0.02
5.092,0.01,-0.00,-0.04
5.116,0.04,-0.00,-0.00
5.120,0.04,-0.00,0.02
5.121,0.06,0.02,0.03
5.131,0.04,0.01,-0.03
5.139,0.04,0.02,-0.01
5.152,0.05,0.01,0.05
5.179,0.07,-0.01,0.07
5.180,0.03,-0.01,0.06
5.182,-0.00,0.01,-0.05
5.191,-0.03,-0.04,-0.07
5.200,-0.01,-0.00,0.03
5.209,0.04,-0.02,0.03
5.219,0.06,0.02,0.03
5.229,0.02,-0.00,-0.04
5.238,0.04,-0.01,-0.00
5.249,0.06,-0.00,-0.05
5.260,0.01,-0.00,-0.00
5.278,0.05,-0.01,-0.02
5.281,0.06,-0.00,0.03
5.288,0.01,0.02,-0.02
5.301,0.05,-0.00,-0.05
5.308,0.04,-0.02,0.04
5.319,0.05,-0.00,-0.02
5.328,0.06,0.02,0.05
5.337,0.03,-0.01,-0.00
5.347,0.04,-0.03,-0.05
5.357,0.05,0.02,-0.01
5.376,0.03,0.01,-0.03
5.377,0.04,-0.02,0.01
5.388,0.06,0.01,-0.00
5.397,0.05,-0.01,0.01
5.406,0.05,-0.02,-0.00
5.417,0.03,-0.01,0.05
5.426,0.06,0.04,0.02
5.436,0.01,-0.03,0.04
5.446,0.04,-0.02,0.04
5.456,0.02,-0.04,-0.03
5.474,0.06,-0.02,-0.01
5.476,0.02,-0.06,0.03
5.486,0.02,0.00,0.06
5.502,0.06,-0.06,0.07
5.505,0.10,0.03,0.09
5.519,0.16,0.01,0.11
5.525,0.17,0.01,-0.01
5.535,0.08,-0.07,-0.13
5.546,0.15,0.03,-0.16
5.555,0.21,0.01,-0.05
5.565,0.21,0.13,0.00
5.575,0.25,0.05,0.13
5.593,0.34,0.01,0.10
5.595,0.39,-0.03,0.10
5.604,0.11,0.06,-0.00
5.628,0.42,-0.08,0.21
5.630,-0.46,-0.01,0.09
5.634,0.90,0.02,0.07
5.644,-6.69,-0.78,-0.53
5.654,1.10,1.11,0.10
5.686,-0.14,-0.51,-0.32
5.688,-0.49,0.50,-0.04
5.689,0.47,-0.73,0.07
5.693,-0.51,0.30,0.03
5.703,0.26,-0.37,0.03
5.713,0.12,0.07,0.04
5.722,-0.13,0.34,-0.02
5.732,0.15,-0.20,-0.09
5.743,0.04,-0.06,-0.11
5.752,0.05,0.01,-0.15
5.775,0.01,-0.10,0.02
5.781,0.09,0.00,0.05
5.782,0.06,-0.01,0.05
5.793,-0.02,0.10,-0.00
5.820,0.00,0.07,0.02
5.823,0.02,0.05,0.10
5.826,-0.03,0.05,0.15
5.834,-0.04,-0.04,0.09
5.842,0.09,0.01,0.01
5.851,0.03,0.01,0.00
5.876,0.04,0.01,-0.10
5.877,0.04,0.01,-0.03
5.888,0.04,-0.06,0.03
5.891,0.03,-0.02,0.09
5.902,-0.04,0.02,0.02
5.911,0.01,-0.01,0.02
5.920,0.04,0.01,-0.00
5.930,0.09,-0.02,-0.01
5.955,0.07,0.00,-0.07
5.956,0.04,-0.04,-0.03
5.959,0.03,-0.03,0.03
5.970,0.05,0.00,0.01
5.990,-0.02,0.03,0.01
5.992,0.02,0.02,0.00
6.012,0.04,-0.11,0.04
6.014,0.06,-0.02,-0.01
6.019,0.03,0.02,-0.05
6.031,0.02,-0.04,-0.09
6.039,0.03,-0.01,-0.04
6.048,0.07,0.00,0.02
6.058,0.03,-0.03,0.09
6.079,0.01,0.03,0.04
6.081,0.04,0.03,0.05
6.088,0.02,0.01,-0.07
6.109,0.03,-0.03,0.02
6.113,0.05,0.01,0.04
6.117,0.01,-0.05,0.02
6.128,0.05,0.07,-0.05
6.137,0.06,-0.03,-0.08
6.148,-0.01,-0.03,-0.03
6.157,0.01,-0.01,0.06
6.174,-0.01,0.03,0.08
6.177,0.01,-0.02,0.05
6.195,0.02,0.00,0.01
6.196,0.05,-0.03,-0.04
6.206,0.06,-0.01,-0.02
6.217,0.05,-0.01,-0.07
6.226,0.01,0.02,0.02
6.236,0.00,-0.01,0.14
6.246,0.01,-0.00,0.05
6.255,0.03,-0.03,0.05
6.265,0.05,-0.02,0.02
6.276,0.07,0.02,-0.05
6.290,0.05,0.01,0.03
6.308,0.00,0.02,0.06
6.311,0.01,0.03,0.13
6.315,0.01,-0.00,0.04
6.327,0.02,0.01,0.05
6.335,0.02,0.01,0.04
6.348,0.06,0.01,-0.07
6.354,0.02,-0.01,0.01
6.364,0.07,0.03,0.10
6.374,0.03,-0.02,0.07
6.395,0.03,0.04,-0.01
6.400,0.01,0.02,-0.03
6.404,0.05,-0.01,0.00
6.421,0.04,0.02,-0.02
6.423,0.06,-0.02,0.07
6.434,0.03,0.02,0.06
6.443,0.08,-0.01,0.03
6.453,0.03,-0.00,-0.03
6.483,0.03,-0.03,-0.03
6.485,0.01,-0.01,0.01
6.487,0.03,-0.03,-0.03
6.493,0.02,0.03,0.03
6.504,-0.01,0.02,0.05
6.514,0.05,-0.02,0.00
6.522,0.04,-0.02,-0.03
6.532,0.02,0.01,-0.01
6.542,0.03,0.02,0.03
6.552,0.05,-0.03,0.05
6.599,0.02,-0.00,0.08
6.604,0.05,-0.00,0.01
6.605,0.05,0.03,0.05
6.606,0.06,-0.00,-0.07
6.607,0.02,-0.01,-0.07
6.612,0.04,-0.00,0.00
6.622,0.02,-0.00,0.04
6.632,0.04,0.04,0.04
6.641,0.00,-0.02,0.05
6.651,0.03,-0.03,0.03
6.661,0.04,0.04,0.03
6.680,0.06,0.03,-0.04
6.682,0.04,0.01,-0.03
6.690,0.05,-0.00,-0.04
6.707,0.08,-0.01,-0.12
6.712,0.20,0.02,-0.06
6.722,0.57,-0.19,-0.02
6.733,0.66,-0.14,-0.04
6.740,0.83,-0.09,0.02
6.750,0.94,-0.11,0.23
6.760,1.15,-0.07,0.43
6.793,1.26,-0.03,0.53
6.795,1.37,-0.00,0.52
6.797,1.50,-0.06,0.42
6.801,1.59,-0.07,0.38
6.809,1.70,-0.10,0.37
6.820,1.13,0.36,0.44
6.829,1.64,-0.07,0.53
6.839,1.62,-0.48,0.50
6.849,1.88,0.19,0.56
6.859,1.72,0.39,0.39
6.869,1.68,-0.20,0.28
6.878,1.56,0.30,0.12
6.899,1.59,-0.34,0.24
6.901,1.51,0.01,0.31
6.908,1.32,-0.20,0.32
6.934,1.33,0.14,0.36
6.944,0.82,0.45,0.39
6.947,1.21,0.22,0.18
6.948,0.89,-0.45,0.10
6.957,1.00,0.03,0.08
6.973,0.67,0.04,0.12
6.977,0.79,-0.02,0.17
6.992,0.58,0.25,0.11
6.998,0.65,0.03,0.22
7.006,0.61,0.03,0.18
7.017,0.81,-0.04,0.19
7.027,0.79,0.09,0.13
7.040,0.77,-0.09,0.13
7.052,0.61,-0.09,0.13
7.057,0.63,-0.03,0.13
7.067,0.51,-0.06,0.08
7.076,0.64,0.00,0.03
7.099,0.67,-0.08,0.02
7.105,0.70,-0.02,-0.02
7.107,0.67,-0.08,0.15
7.116,0.74,0.02,0.28
7.126,0.66,-0.10,0.28
7.136,0.79,-0.00,0.22
7.145,0.79,-0.03,0.10
7.155,0.78,-0.02,-0.00
7.192,0.79,-0.12,0.07
7.193,0.75,0.05,0.19
7.195,0.71,0.08,0.22
7.199,0.62,-0.01,0.14
7.204,0.44,-0.01,0.07
7.217,0.44,0.14,-0.01
7.224,0.46,0.14,0.05
7.234,0.61,-0.07,0.17
7.244,0.44,0.17,0.17
7.257,0.40,-0.01,0.09
7.285,0.31,-0.03,0.03
7.286,0.29,-0.00,-0.10
7.288,0.26,0.04,-0.05
7.294,0.20,0.09,-0.02
7.309,0.14,-0.03,0.07
7.314,-0.01,0.13,0.11
7.323,-0.06,0.03,0.13
7.333,-0.12,0.05,0.06
7.342,0.03,0.00,0.01
7.353,-0.29,0.09,-0.06
7.363,-0.19,-0.01,-0.06
7.382,-0.34,0.06,-0.09
7.386,-0.13,-0.07,-0.18
7.392,-0.33,-0.03,-0.18
7.411,-0.25,-0.01,-0.18
7.415,-0.41,0.02,-0.07
7.421,-0.38,-0.07,-0.10
7.432,-0.59,0.03,-0.13
7.441,-0.50,0.10,-0.11
7.452,-0.63,0.06,-0.24
7.462,-0.59,-0.06,-0.25
7.482,-0.69,0.01,-0.16
7.485,-0.60,-0.07,-0.12
7.491,-0.54,-0.03,-0.05
7.522,-0.53,-0.02,-0.03
7.525,-0.62,0.05,-0.13
7.526,-0.62,-0.11,-0.16
7.531,-0.53,0.04,-0.07
7.542,-0.41,0.15,-0.09
7.550,-0.48,0.01,-0.10
7.560,-0.35,0.01,-0.12
7.586,-0.39,-0.04,-0.08
7.588,-0.34,0.06,-0.09
7.590,-0.31,-0.01,-0.21
7.600,-0.31,0.05,-0.20
7.609,-0.40,0.06,-0.18
7.619,-0.39,-0.03,-0.16
7.631,-0.41,0.05,-0.15
7.640,-0.02,1.15,-0.11
7.650,0.05,-0.81,-0.04
7.660,-0.48,0.36,0.04
7.669,-0.40,-0.65,-0.00
7.679,-0.37,-0.52,0.06
7.702,-0.26,0.85,-0.16
7.707,-0.32,-0.47,-0.13
7.709,-0.27,0.28,-0.07
7.719,-0.15,0.17,-0.13
7.728,-0.15,-0.16,0.03
7.738,0.04,0.16,0.16
7.749,-0.01,-0.02,0.06
7.757,0.01,-0.24,-0.02
7.768,-0.01,0.58,-0.17
7.778,0.28,-0.37,-0.10
7.814,0.27,0.03,0.05
7.816,0.36,0.07,0.00
7.817,0.15,-0.01,0.06
7.818,0.27,-0.18,-0.00
7.831,0.25,0.17,-0.01
7.841,0.22,-0.17,0.00
7.850,0.29,0.03,0.11
7.857,0.12,0.06,0.16
7.869,0.19,0.03,0.08
7.876,0.20,-0.05,0.05
7.895,0.33,0.04,0.06
7.900,0.30,-0.02,0.04
7.907,0.44,-0.03,0.09
7.918,0.36,-0.00,0.08
7.926,0.36,-0.04,0.10
7.936,0.32,-0.13,0.08
7.946,0.33,0.02,0.12
7.956,0.31,-0.02,0.03
7.981,0.32,-0.01,-0.01
7.986,0.34,-0.03,0.01
7.990,0.23,0.06,0.07
7.997,0.27,0.07,-0.01
8.008,0.17,0.00,0.03
8.019,0.24,0.00,0.02
8.025,0.26,-0.01,0.04
8.035,0.16,-0.10,0.10
8.044,0.18,-0.01,0.13
8.054,-0.01,-0.02,0.07
8.064,0.13,0.06,0.03
8.077,0.02,0.13,-0.01
8.102,0.21,0.04,0.03
8.104,0.04,0.07,0.02
8.105,0.29,0.02,0.09
8.114,0.07,-0.03,0.15
8.123,0.26,-0.03,0.12
8.135,0.10,0.08,0.03
8.143,0.24,-0.06,-0.06
8.154,0.08,0.20,-0.01
8.164,0.16,0.11,0.02
8.187,0.17,0.04,0.02
8.189,0.11,0.01,0.04
8.193,0.10,0.04,-0.02
8.209,0.05,0.02,-0.02
8.216,0.11,-0.04,-0.06
8.223,0.13,-0.01,-0.07
8.232,0.12,-0.08,0.00
8.242,0.13,-0.03,0.07
8.252,0.10,-0.04,0.00
8.261,0.05,0.04,-0.05
8.273,0.08,0.01,-0.00
8.282,-0.05,0.04,-0.02
8.311,-0.10,0.06,-0.04
8.314,-0.09,-0.01,0.00
8.316,0.02,-0.05,0.01
8.322,-0.09,0.18,0.01
8.332,-0.15,0.05,-0.04
8.341,-0.18,-0.17,-0.09
8.351,0.00,-0.15,-0.11
8.360,0.00,0.04,-0.06
8.370,-0.01,-0.00,-0.05
8.379,0.02,-0.01,-0.02
8.396,0.14,-0.02,0.03
8.407,0.12,0.01,0.07
8.409,0.13,-0.00,-0.05
8.420,0.07,0.19,-0.04
8.429,-0.02,0.01,-0.00
8.440,-0.07,0.04,-0.00
8.448,0.05,-0.06,0.04
8.458,-0.05,0.08,0.04
8.481,-0.20,-0.04,-0.06
8.483,-0.24,0.10,-0.04
8.489,-0.18,-0.06,-0.05
8.500,-0.02,-0.10,-0.04
8.510,-0.15,0.03,0.08
8.519,-0.07,0.01,0.07
8.528,-0.05,0.00,0.13
8.538,-0.01,0.01,0.00
8.548,-0.04,0.08,-0.07
8.557,0.06,-0.00,-0.06
8.581,0.02,-0.04,-0.04
8.583,0.10,-0.03,0.03
8.587,0.02,0.03,0.00
8.611,0.21,-0.06,0.06
8.613,-0.13,-0.03,0.01
8.618,0.06,0.05,-0.01
8.627,-0.16,-0.16,-0.04
8.638,0.06,-0.02,-0.07
8.647,-0.17,0.05,-0.01
8.657,-0.03,-0.03,-0.01
8.666,-0.27,0.09,0.02
8.681,-0.09,-0.01,-0.07
8.686,-0.28,0.06,-0.03
8.696,-0.13,0.02,0.00
8.710,-0.22,0.03,-0.09
8.716,-0.22,0.12,-0.03
8.726,-0.22,-0.00,-0.08
8.738,-0.15,-0.01,-0.07
8.747,-0.13,-0.04,-0.02
8.756,-0.24,-0.08,-0.01
8.766,-0.23,-0.18,0.03
8.786,-0.21,0.04,-0.07
8.789,-0.33,-0.09,-0.12
8.795,-0.34,-0.02,-0.12
8.805,-0.35,0.03,-0.11
8.814,-0.38,-0.03,-0.02
8.824,-0.39,-0.08,-0.13
8.837,-0.37,0.04,-0.06
8.844,-0.35,-0.06,-0.13
8.854,-0.33,-0.21,-0.06
8.868,-0.27,-0.14,0.01
8.907,-0.44,-0.05,0.02
8.909,-0.33,0.08,-0.00
8.910,-0.16,-0.04,-0.04
8.917,-0.19,-0.08,-0.02
8.918,-0.11,0.25,-0.08
8.924,-0.30,-0.30,-0.12
8.933,-0.25,0.17,-0.07
8.943,-0.32,-0.26,-0.10
8.954,-0.39,0.29,-0.16
8.962,-0.27,-0.13,-0.11
8.973,-0.31,0.21,-0.10
8.983,-0.21,-0.12,-0.04
9.000,-0.31,0.09,-0.03
9.001,-0.46,-0.11,-0.04
9.012,-0.24,0.11,-0.01
9.022,-0.26,-0.04,-0.04
9.032,-0.19,-0.05,0.02
9.041,-0.17,0.07,-0.08
9.052,-0.19,-0.14,-0.04
9.061,-0.19,-0.03,0.03
9.072,-0.24,-0.10,-0.05
9.082,-0.26,0.01,-0.03
9.106,-0.24,0.01,-0.09
9.108,-0.14,0.04,-0.11
9.112,-0.20,0.07,-0.06
9.124,-0.27,-0.11,-0.10
9.132,-0.41,0.06,-0.08
9.141,-0.40,0.09,-0.16
9.150,-0.46,-0.04,-0.18
9.160,-0.53,0.03,-0.18
9.192,-0.57,0.02,-0.08
9.195,-0.44,-0.04,-0.12
9.196,-0.49,0.08,-0.02
9.201,-0.48,0.04,-0.06
9.212,-0.57,0.10,-0.06
9.224,-0.47,-0.03,-0.05
9.229,-0.48,0.08,-0.08
9.239,-0.46,-0.06,-0.03
9.250,-0.41,0.03,-0.04
9.260,-0.46,-0.03,-0.07
9.294,-0.43,-0.03,-0.07
9.296,-0.43,-0.07,-0.18
9.298,-0.45,-0.02,-0.12
9.300,-0.51,-0.01,-0.16
9.310,-0.42,0.02,-0.15
9.321,-0.49,0.04,-0.14
9.329,-0.56,0.01,-0.09
9.339,-0.66,0.04,-0.18
9.348,-0.63,0.04,-0.21
9.359,-0.62,0.12,-0.16
9.369,-0.58,0.03,-0.10
9.386,-0.61,0.12,-0.05
9.392,-0.66,0.02,-0.09
9.399,-0.80,-0.03,-0.05
9.407,-0.80,-0.07,-0.18
9.418,-0.87,-0.13,-0.18
9.427,-0.90,-0.08,-0.23
9.438,-0.92,-0.07,-0.22
9.447,-0.85,-0.01,-0.13
9.456,-0.79,0.02,-0.08
9.469,-0.80,0.16,-0.14
9.477,-0.75,0.18,-0.17
9.504,-0.70,0.12,-0.17
9.505,-0.64,0.02,-0.24
9.509,-0.50,0.00,-0.19
9.521,-0.56,-0.08,-0.18
9.526,-0.46,-0.08,-0.14
9.539,-0.42,-0.14,-0.08
9.545,-0.42,-0.08,-0.07
9.556,-0.38,-0.06,-0.07
9.565,-0.36,-0.04,-0.07
9.576,-0.31,0.11,-0.02
9.586,-0.58,0.61,0.02
9.607,-0.23,0.47,-0.06
9.608,-0.34,-0.66,-0.01
9.615,-0.35,0.10,-0.10
9.637,-0.38,-0.01,-0.16
9.639,-0.50,-0.40,-0.15
9.645,-0.53,0.16,-0.07
9.656,-0.56,0.16,-0.08
9.664,-0.58,-0.02,-0.10
9.674,-0.65,0.03,-0.16
9.683,-0.66,-0.03,-0.20
9.705,-0.67,-0.08,-0.20
9.707,-0.61,0.08,-0.21
9.714,-0.49,0.04,-0.10
9.723,-0.41,0.07,-0.11
9.735,-0.36,0.00,-0.09
9.743,-0.38,0.05,-0.10
9.754,-0.44,-0.04,-0.06
9.773,-0.41,0.04,-0.19
9.783,-0.42,-0.08,-0.09
9.808,-0.41,0.05,-0.09
9.812,-0.40,-0.04,-0.09
9.814,-0.50,-0.04,-0.10
9.822,-0.53,-0.04,-0.10
9.832,-0.58,-0.01,-0.12
9.843,-0.53,0.01,-0.14
9.852,-0.53,0.02,-0.15
9.862,-0.47,0.02,-0.07
9.887,-0.52,-0.06,-0.08
9.888,-0.53,-0.02,-0.13
9.892,-0.50,-0.07,-0.10
9.913,-0.48,0.01,-0.16
9.915,-0.45,0.02,-0.09
9.923,-0.42,-0.02,-0.09
9.931,-0.38,-0.03,-0.04
9.942,-0.37,0.02,-0.13
9.950,-0.40,0.00,-0.12
9.960,-0.45,0.05,-0.12
9.984,-0.47,0.04,-0.06
9.987,-0.43,-0.03,-0.12
9.989,-0.32,-0.03,-0.10
10.001,-0.23,-0.01,-0.01
10.010,-0.13,-0.01,-0.08
10.021,-0.16,-0.04,-0.02
10.031,-0.20,0.01,0.02
10.039,-0.25,-0.01,-0.01
10.049,-0.22,-0.02,-0.05
10.059,-0.13,0.02,-0.03
10.069,-0.17,-0.03,-0.04
10.079,-0.23,0.03,-0.02
10.104,-0.31,-0.02,-0.06
10.108,-0.33,-0.06,-0.07
10.113,-0.38,-0.01,-0.16
10.123,-0.36,-0.03,-0.11
10.130,-0.37,0.03,-0.08
10.140,-0.32,-0.01,-0.10
10.149,-0.28,-0.02,0.02
10.158,-0.25,-0.02,-0.01
10.169,-0.25,-0.03,0.02
10.179,-0.30,0.03,-0.09
10.213,-0.34,-0.10,-0.10
10.215,-0.52,0.06,-0.10
10.217,-0.59,-0.03,-0.09
10.218,-0.56,0.00,-0.12
10.228,-0.37,0.05,-0.10
10.239,-0.36,0.09,-0.12
10.247,-0.32,0.02,-0.11
10.257,-0.40,-0.15,-0.10
10.268,-0.36,-0.01,-0.05
10.277,-0.26,0.05,-0.07
10.301,-0.27,-0.04,-0.03
10.303,-0.12,-0.02,0.04
10.326,-0.17,0.05,-0.03
10.328,-0.25,-0.07,-0.04
10.330,-0.34,-0.04,-0.05
10.337,-0.47,0.08,-0.07
10.346,-0.37,-0.16,-0.05
10.356,-0.32,0.16,-0.06
10.366,-0.37,-0.13,-0.07
10.376,-0.43,0.17,-0.04
10.386,-0.49,-0.09,-0.08
10.405,-0.32,0.12,-0.07
10.406,-0.28,-0.12,-0.10
10.420,-0.32,0.01,-0.10
10.433,-0.22,-0.14,-0.03
10.435,-0.32,-0.07,-0.05
10.445,-0.24,-0.01,0.03
10.455,-0.43,0.01,-0.06
10.465,-0.46,-0.10,-0.09
10.491,-0.37,0.08,-0.18
10.494,-0.42,0.06,-0.12
10.495,-0.34,-0.11,-0.12
10.504,-0.25,0.14,-0.01
10.514,-0.34,-0.06,-0.06
10.525,-0.36,0.08,-0.05
10.533,-0.38,0.08,-0.06
10.544,-0.27,-0.15,-0.01
10.553,-0.38,0.01,-0.10
10.563,-0.36,-0.00,-0.05
10.575,-0.35,-0.13,-0.02
10.583,-0.38,0.03,-0.10
10.604,-0.23,0.01,-0.05
10.605,-0.25,0.09,-0.07
10.615,-0.23,0.04,-0.06
10.626,-0.26,-0.02,-0.05
10.632,-0.09,0.02,-0.11
10.643,-0.07,-0.01,-0.02
10.652,-0.11,-0.04,-0.01
10.665,-0.10,0.03,0.01
10.673,-0.04,0.01,0.10
10.682,-0.01,-0.07,0.06
10.714,-0.19,0.06,-0.06
10.716,-0.02,0.00,0.02
10.717,-0.07,-0.06,-0.04
10.725,0.19,-0.01,0.04
10.732,0.09,0.01,0.05
10.741,0.31,-0.06,0.07
10.751,0.22,0.01,0.06
10.761,0.37,-0.01,0.11
10.771,0.05,-0.00,0.08
10.781,0.25,-0.06,0.11
10.808,0.36,0.04,0.08
10.810,0.49,0.00,0.12
10.811,0.27,-0.06,-0.01
10.821,0.46,0.04,-0.01
10.831,0.33,0.00,0.09
10.842,0.40,-0.10,0.12
10.849,0.27,0.10,0.12
10.860,0.30,-0.04,0.09
10.870,0.27,-0.07,0.11
10.880,0.33,0.02,0.15
10.891,0.42,0.02,0.12
10.915,0.33,-0.05,0.18
10.916,0.33,-0.07,0.12
10.921,0.41,0.02,0.09
10.929,0.42,-0.02,0.05
10.938,0.41,-0.02,0.11
10.948,0.37,-0.01,0.03
10.959,0.34,-0.02,0.09
10.968,0.28,0.06,-0.00
10.978,0.32,-0.03,0.09
10.988,0.20,-0.04,-0.01
11.003,0.20,-0.03,-0.03
11.023,0.21,0.00,0.07
11.025,0.27,-0.01,0.06
11.027,0.16,-0.06,0.10
11.038,0.21,0.07,-0.00
11.047,0.25,0.08,0.06
11.059,0.32,-0.10,0.06
11.067,0.25,0.09,0.08
11.077,0.32,-0.07,0.12
11.088,0.24,-0.08,0.15
11.105,0.27,0.04,0.14
11.107,0.32,-0.01,0.12
11.117,0.27,0.03,0.02
11.131,0.23,0.07,0.01
11.136,0.28,0.06,0.03
11.146,0.34,0.05,0.10
11.155,0.36,-0.04,0.09
11.166,0.30,-0.07,0.07
11.188,0.32,-0.01,0.10
11.190,0.38,0.01,0.02
11.196,0.36,0.02,0.06
11.206,0.45,-0.03,0.05
11.215,0.37,-0.09,0.07
11.226,0.32,0.00,0.05
11.235,0.39,0.06,0.11
11.246,0.39,-0.01,0.06
11.256,0.39,-0.04,0.15
11.268,0.35,0.04,0.18
11.276,0.36,-0.02,0.12
11.284,0.39,0.01,0.12
11.310,0.42,-0.05,0.15
11.314,0.48,-0.01,0.07
11.315,0.44,-0.00,0.12
11.326,0.46,-0.01,0.07
11.334,0.44,-0.01,0.11
11.345,0.37,-0.05,0.05
11.353,0.43,0.02,0.05
11.363,0.32,-0.05,0.07
11.375,0.23,0.00,0.02
11.383,0.22,0.02,0.11
11.394,0.21,0.04,0.08
11.403,0.20,0.06,0.06
11.424,0.08,0.02,0.02
11.427,0.09,0.02,-0.01
11.446,0.11,0.01,-0.04
11.447,0.14,-0.00,0.08
11.454,0.06,0.01,0.10
11.462,0.07,-0.06,0.08
11.472,0.02,0.00,0.04
11.483,0.02,0.05,0.06
11.524,-0.04,0.06,0.03
11.526,0.05,0.04,0.01
11.527,0.05,-0.03,0.03
11.528,0.02,0.02,0.00
11.531,0.04,-0.02,0.01
11.542,-0.03,0.00,-0.01
11.551,-0.08,-0.06,-0.01
11.562,-0.09,-0.07,-0.04
11.571,-0.01,0.02,-0.09
11.581,0.04,0.02,0.04
11.611,0.06,-0.02,0.01
11.612,0.05,-0.04,-0.06
11.615,0.05,0.03,0.04
11.621,0.12,-0.01,0.04
11.643,0.16,0.02,0.11
11.644,0.13,-0.03,0.01
11.650,0.12,0.01,0.07
11.659,0.11,-0.05,0.08
11.670,0.15,-0.03,0.03
11.680,0.08,-0.01,0.06
11.690,0.09,0.01,0.06
11.722,0.16,-0.01,0.05
11.728,0.14,0.02,0.03
11.730,0.10,-0.00,0.01
11.731,0.11,0.02,0.03
11.738,0.05,-0.01,-0.02
11.748,-0.00,0.03,0.01
11.759,0.02,-0.02,0.04
11.768,0.05,0.00,0.04
11.778,0.06,-0.05,0.04
11.789,-0.01,-0.03,0.06
11.806,0.04,0.03,-0.02
11.811,-0.08,0.01,-0.07
11.820,-0.00,-0.02,-0.03
11.831,-0.04,0.00,-0.04
11.837,-0.07,0.02,0.04
11.847,-0.04,0.03,-0.03
11.858,-0.12,-0.02,-0.02
11.867,-0.14,-0.02,-0.07
11.878,-0.09,0.05,-0.01
11.888,-0.10,0.04,-0.02
11.908,-0.07,0.03,0.03
11.912,-0.11,0.04,0.02
11.919,-0.07,0.01,0.03
11.929,-0.02,-0.04,0.04
11.937,-0.06,-0.03,0.08
11.947,-0.09,0.01,-0.07
11.956,-0.10,-0.04,0.02
11.966,-0.06,-0.01,-0.02
11.978,-0.07,0.01,0.00
11.987,-0.07,-0.04,0.07
12.007,-0.05,0.08,-0.03
12.010,-0.03,0.04,-0.03
12.017,-0.01,-0.04,-0.02
12.029,-0.05,-0.03,-0.01
12.035,-0.06,-0.05,-0.09
12.047,-0.07,-0.03,-0.06
12.055,-0.13,0.02,-0.05
12.065,-0.08,-0.00,0.00
12.077,-0.15,0.03,-0.05
12.085,-0.12,-0.12,0.02
12.095,-0.12,0.03,-0.01
12.105,-0.17,-0.01,-0.04
12.126,-0.12,-0.01,-0.04
12.128,-0.12,-0.04,-0.01
12.139,-0.06,-0.08,0.06
12.147,-0.04,0.04,-0.04
12.155,-0.04,-0.01,0.01
12.164,-0.03,-0.05,-0.03
12.174,-0.04,-0.01,-0.00
12.183,0.01,0.02,-0.02
12.213,0.01,0.01,0.01
12.217,0.03,-0.02,-0.04
12.223,0.05,-0.07,0.05
12.225,0.15,0.01,0.03
12.234,0.10,-0.01,0.06
12.244,0.09,-0.00,0.05
12.253,0.11,0.02,0.03
12.262,0.07,0.04,0.02
12.273,0.13,0.03,0.03
12.282,0.09,0.00,0.00
12.308,0.09,0.02,0.00
12.311,0.14,-0.02,0.03
12.312,0.16,0.01,0.11
12.323,0.12,-0.03,0.09
12.332,0.07,0.01,0.04
12.342,0.07,-0.01,0.02
12.351,0.09,-0.01,0.03
12.361,0.15,0.01,-0.01
12.372,0.20,0.02,0.01
12.385,0.23,-0.02,0.07
12.394,0.17,-0.01,0.04
12.415,0.21,-0.02,0.06
12.420,0.17,-0.02,0.08
12.423,0.15,-0.00,-0.00
12.431,0.11,0.01,-0.00
12.440,0.22,0.07,-0.01
12.450,0.26,-0.08,0.02
12.462,0.20,-0.13,0.06
12.470,0.23,0.05,0.13
12.482,0.14,-0.13,0.10
12.494,0.16,0.07,-0.02
12.512,0.18,0.10,-0.03
12.522,0.17,-0.03,0.07
12.524,0.21,-0.06,-0.00
12.530,0.29,0.04,0.03
12.539,0.27,0.00,0.12
12.549,0.27,-0.09,0.13
12.561,0.23,-0.01,0.03
12.569,0.29,0.03,0.11
12.579,0.39,0.00,0.11
12.589,0.47,-0.04,0.06
12.604,0.43,-0.01,0.01
12.617,0.44,0.06,0.16
12.623,0.36,0.05,0.08
12.631,0.38,-0.00,0.16
12.638,0.36,-0.01,0.03
12.647,0.31,-0.03,-0.01
12.658,0.30,-0.01,0.02
12.667,0.32,0.01,0.10
12.679,0.23,-0.02,0.10
12.688,0.15,-0.01,0.01
12.697,0.07,-0.01,-0.01
12.709,0.02,0.01,-0.06
12.730,0.02,0.01,0.02
12.735,0.04,0.02,0.04
12.738,-0.01,-0.01,0.04
12.748,-0.10,0.00,0.02
12.767,-0.11,0.03,-0.05
12.778,-0.07,0.03,-0.14
12.786,-0.12,0.02,0.00
12.797,-0.10,0.01,-0.06
12.809,-0.16,0.01,0.05
12.837,-0.11,-0.02,-0.07
12.838,-0.12,0.01,-0.06
12.839,-0.10,-0.05,-0.04
12.858,-0.06,-0.06,-0.11
12.860,-0.04,-0.02,-0.05
12.865,-0.10,0.03,-0.11
12.876,-0.10,0.16,-0.07
12.885,-0.07,-0.14,-0.03
12.906,-0.08,-0.01,0.07
12.908,0.01,-0.02,0.06
12.931,0.09,-0.04,0.05
12.933,0.10,0.12,0.04
12.934,0.07,0.00,0.03
12.945,0.05,-0.07,0.03
12.955,0.15,0.00,0.06
12.964,0.15,-0.01,0.03
12.975,0.24,-0.05,-0.04
12.988,0.26,-0.02,0.08
13.011,0.27,-0.01,0.11
13.013,0.28,0.00,0.03
13.014,0.28,-0.01,-0.05
13.024,0.27,0.02,-0.04
13.035,0.38,0.00,-0.01
13.043,0.37,-0.01,0.10
13.053,0.37,-0.03,0.09
13.064,0.39,0.02,0.15
13.073,0.34,-0.00,0.09
13.083,0.24,-0.01,0.13
13.092,0.31,0.03,0.07
13.118,0.23,0.04,0.04
13.123,0.22,0.02,0.01
13.125,0.17,0.06,0.08
13.133,0.21,-0.03,0.13
13.142,0.23,0.01,0.10
13.152,0.25,0.02,0.05
13.163,0.31,-0.05,-0.00
13.172,0.24,0.00,0.03
13.182,0.27,-0.01,0.03
13.192,0.29,-0.03,0.14
13.213,0.23,0.06,0.07
13.216,0.25,-0.00,0.02
13.223,0.29,-0.02,0.03
13.232,0.32,0.04,0.03
13.241,0.26,0.01,0.03
13.254,0.19,0.02,0.01
13.262,0.20,-0.00,0.07
13.271,0.20,0.03,0.08
13.281,0.15,0.01,0.10
13.290,0.15,0.04,0.05
13.311,0.12,0.01,0.05
13.313,0.13,0.00,0.00
13.320,0.11,0.04,0.03
13.338,0.09,0.02,-0.01
13.340,-0.01,0.04,0.05
13.350,-0.01,0.02,-0.05
13.360,-0.01,-0.03,-0.01
13.369,0.02,-0.01,-0.03
13.380,-0.00,-0.02,-0.02
13.389,0.03,-0.01,0.00
13.407,0.02,0.01,0.02
13.410,-0.01,-0.00,-0.04
13.420,-0.01,-0.01,-0.09
13.433,-0.03,0.02,0.02
13.439,-0.03,0.02,-0.03
13.449,-0.06,-0.02,-0.03
13.459,-0.12,0.08,-0.05
13.469,-0.19,0.03,0.03
13.482,-0.18,-0.02,-0.04
13.489,-0.21,0.02,-0.09
13.498,-0.20,-0.02,0.02
13.508,-0.24,0.00,-0.01
13.524,-0.32,-0.02,-0.01
13.559,-0.35,-0.01,-0.12
13.562,-0.38,0.00,-0.07
13.563,-0.37,0.02,-0.17
13.564,-0.29,0.01,-0.11
13.566,-0.32,0.01,-0.09
13.577,-0.29,0.01,-0.04
13.587,-0.27,0.00,0.04
13.609,-0.26,0.00,-0.08
13.613,-0.22,-0.02,-0.09
13.615,-0.17,-0.01,-0.19
13.627,-0.18,0.02,-0.09
13.636,-0.11,-0.02,-0.02
13.648,-0.12,-0.02,-0.04
13.656,-0.13,0.00,0.02
13.666,-0.15,-0.04,0.03
13.676,-0.09,-0.03,-0.02
13.686,-0.05,-0.03,-0.07
13.727,0.01,0.03,-0.00
13.728,0.04,0.01,0.06
13.729,0.10,-0.03,0.09
13.734,0.21,0.02,0.06
13.735,0.21,0.01,0.06
13.751,0.22,-0.02,0.04
13.755,0.25,0.02,-0.01
13.765,0.32,0.06,0.05
13.774,0.32,-0.01,0.02
13.785,0.35,0.01,0.16
13.795,0.35,-0.00,0.17
13.810,0.40,-0.03,0.13
13.817,0.42,-0.01,0.05
13.825,0.45,-0.03,0.02
13.834,0.40,-0.02,0.09
13.843,0.42,-0.01,0.19
13.853,0.40,0.03,0.12
13.864,0.41,0.01,0.17
13.873,0.34,-0.03,0.07
13.883,0.35,0.02,0.06
13.894,0.25,-0.02,0.09
13.934,0.21,-0.02,0.07
13.935,0.16,0.04,0.06
13.937,0.23,0.04,0.10
13.938,0.27,0.02,0.07
13.942,0.34,0.03,0.08
13.953,0.09,-0.05,-0.04
13.965,-4.69,0.12,-0.63
13.972,-3.25,1.04,0.54
13.984,9.76,-2.04,2.88
13.994,7.54,-1.64,0.40
14.017,-7.33,0.16,-1.84
14.019,-2.28,0.31,-1.32
14.021,2.37,0.84,-0.63
14.038,0.44,0.13,-0.93
14.043,1.76,0.09,-0.62
14.054,2.50,-0.74,0.03
14.061,1.09,-0.80,2.91
14.071,-2.15,0.64,1.19
14.082,0.57,-0.31,-0.67
14.092,0.72,0.45,-1.11
14.109,0.07,0.35,-1.20
14.139,0.11,0.18,-1.04
14.140,-0.03,0.08,-0.52
14.145,-0.02,-0.40,1.11
14.146,0.05,0.79,1.42
14.151,-0.13,-0.16,0.67
14.160,-0.11,0.10,-0.22
14.170,0.24,0.69,-0.85
14.184,0.23,-0.63,-0.69
14.189,-0.30,0.28,-0.20
14.200,0.04,0.12,0.38
14.210,0.25,-0.18,0.60
14.230,0.02,0.12,0.21
14.233,-0.01,0.17,-0.37
14.242,0.19,-0.02,-0.48
14.249,0.01,-0.04,-0.29
14.259,-0.09,0.11,0.27
14.269,0.03,0.01,0.54
14.278,-0.25,0.05,0.35
14.288,-0.44,0.17,-0.03
14.324,-0.64,0.03,-0.37
14.327,-0.78,0.00,-0.46
14.328,-0.84,-0.02,-0.33
14.329,-0.84,0.08,-0.16
14.349,-0.98,0.07,-0.06
14.352,26.15,0.01,3.06
14.357,-9.54,-0.21,-0.57
14.368,4.15,0.15,1.37
14.378,-0.11,0.88,0.06
14.387,0.82,-0.76,-0.17
14.410,0.40,0.39,-0.22
14.414,-0.25,0.12,-0.07
14.418,-0.02,-0.15,0.06
14.428,0.16,0.21,0.31
14.438,-0.11,0.07,0.32
14.451,-0.06,-0.07,0.25
14.456,0.05,0.12,-0.01
14.467,0.19,0.02,-0.09
14.479,-0.09,0.04,-0.08
14.487,-0.04,-0.06,0.16
14.511,0.10,0.07,0.27
14.513,0.02,0.10,0.24
14.515,-0.04,0.06,0.00
14.526,0.07,0.01,-0.05
14.547,0.08,0.02,-0.06
14.550,-0.05,0.04,0.06
14.555,0.04,0.06,0.12
14.570,-0.01,0.07,0.16
14.575,-0.03,0.02,0.13
14.585,0.03,0.06,0.03
14.595,0.05,0.09,0.08
14.617,-0.00,0.08,0.02
14.623,-0.01,0.05,0.11
14.624,0.01,0.06,0.19
14.635,0.04,0.04,0.11
14.644,0.03,0.06,0.08
14.654,-0.00,0.03,-0.05
14.666,0.06,0.03,0.02
14.674,0.07,0.01,0.05
14.684,-0.00,0.01,0.01
14.694,0.04,0.03,0.04
14.704,0.01,0.01,0.10
14.728,-0.00,0.08,0.03
14.730,-0.01,0.09,0.05
14.737,0.01,0.04,0.02
14.743,0.01,0.01,0.13
14.754,0.02,0.03,0.14
14.763,0.04,0.05,0.05
14.773,-0.01,0.04,-0.01
14.782,0.04,0.02,0.03
14.792,0.03,0.07,0.08
14.802,0.02,0.05,0.09
14.812,0.04,0.03,0.09
14.834,-0.01,0.02,0.05
14.843,0.01,0.07,0.10
14.845,0.04,0.03,0.07
14.877,-0.01,0.06,0.07
14.878,0.02,0.06,0.00
14.880,-0.02,-0.00,0.02
14.881,0.03,0.03,0.07
14.892,0.04,0.03,0.10
14.901,0.02,-0.00,0.01
14.911,0.06,0.05,0.07
14.922,0.00,0.07,0.09
14.941,0.04,0.05,0.10
14.942,0.00,0.01,0.03
14.951,0.01,0.02,0.11
14.961,0.00,0.06,0.03
14.971,0.05,0.02,-0.01
14.982,0.04,0.04,-0.01
14.990,0.03,-0.00,0.02
15.003,-0.01,0.05,0.04
15.013,0.02,0.06,0.09
15.030,0.02,0.07,0.08
15.031,0.01,0.02,0.03
15.039,0.03,0.02,0.06
15.050,0.05,0.00,0.09
15.059,0.03,0.03,0.06
15.070,0.02,0.01,0.00
15.079,0.05,0.02,0.07
15.089,0.02,0.02,0.03
15.123,-0.02,0.04,0.04
15.129,0.00,0.08,0.08
15.132,0.00,0.01,0.08
15.134,-0.01,0.07,0.08
15.140,0.00,0.04,0.05
15.150,-0.01,0.05,0.06
15.158,0.02,0.02,-0.04
15.168,0.02,0.01,0.01
15.177,0.03,0.07,0.11
15.188,0.00,0.02,0.10
15.200,0.02,0.02,0.09
15.232,0.00,0.02,0.06
15.235,-0.02,0.03,0.07
15.238,0.04,0.04,0.04
15.241,0.02,0.03,0.01
15.248,0.01,0.03,0.05
15.257,0.00,-0.01,0.06
15.267,0.03,0.03,-0.00
15.276,0.05,0.03,0.05
15.288,0.01,0.07,0.03
15.300,0.05,0.04,0.03
15.310,0.00,0.03,0.07
15.353,0.05,0.06,0.03
15.355,0.01,-0.00,0.04
15.356,0.04,0.05,-0.45
15.356,0.14,-0.00,-0.94
15.357,0.05,0.04,-0.51
15.366,-0.29,-0.06,2.61
15.375,0.46,-0.14,0.02
15.386,3.11,0.57,0.81
15.395,4.21,0.33,1.22
15.405,-1.38,0.87,0.42
15.433,-1.61,-0.32,0.49
15.435,2.07,-0.88,0.91
15.436,1.16,0.18,-0.49
15.446,-5.84,-0.44,-1.88
