10.027,0.00,-0.02,0.01
10.030,-0.02,-0.01,-0.00
10.032,-0.00,0.00,-0.01
10.035,-0.01,-0.02,0.02
10.037,-0.00,-0.02,0.01
10.039,-0.00,-0.02,0.01
10.041,-0.01,-0.02,0.01
10.043,-0.01,-0.02,0.00
10.045,-0.00,-0.03,0.00
10.047,-0.00,-0.01,0.01
10.049,-0.01,-0.02,0.02
10.051,0.01,-0.02,0.01
10.051,-0.01,-0.02,0.00
10.052,-0.00,-0.01,-0.01
10.056,-0.00,-0.01,0.01
10.060,-0.00,-0.01,0.00
10.065,-0.01,-0.01,0.00
10.070,-0.01,-0.01,-0.00
10.075,-0.01,-0.01,-0.01
10.079,-0.01,-0.00,-0.00
10.146,-0.00,0.01,-0.00
10.147,-0.01,0.00,-0.03
10.148,-0.00,-0.02,-0.00
10.149,0.00,-0.01,-0.01
10.150,-0.00,-0.01,-0.01
10.150,-0.00,-0.01,-0.00
10.151,-0.01,-0.01,-0.01
10.151,-0.00,-0.01,0.02
10.152,-0.00,-0.00,-0.00
10.152,-0.00,0.01,-0.01
10.153,-0.00,-0.00,-0.01
10.154,-0.00,-0.01,0.00
10.155,0.00,-0.01,0.00
10.155,-0.00,-0.01,-0.00
10.156,-0.00,-0.02,-0.00
10.158,-0.00,-0.01,0.02
10.164,0.00,-0.02,-0.00
10.171,-0.00,-0.01,-0.01
10.222,-0.00,-0.01,0.01
10.223,-0.00,0.00,0.01
10.224,0.00,-0.02,0.01
10.224,-0.00,-0.01,0.01
10.225,0.00,0.00,0.00
10.225,-0.00,0.01,0.02
10.230,-0.00,0.00,0.01
10.231,-0.01,0.01,0.02
10.231,0.00,-0.01,0.02
10.232,-0.00,0.01,0.02
10.232,0.00,0.00,0.01
10.233,-0.00,0.01,0.01
10.233,-0.01,-0.01,0.01
10.235,-0.00,-0.01,0.00
10.240,-0.00,-0.01,0.01
10.245,-0.00,0.01,0.01
10.254,0.00,0.01,-0.01
10.259,-0.01,-0.00,0.01
10.260,-0.00,-0.01,0.00
10.268,0.00,-0.00,-0.01
10.305,0.00,-0.01,-0.00
10.307,-0.01,-0.01,0.02
10.308,0.00,-0.00,0.02
10.309,0.00,-0.01,0.01
10.311,0.00,-0.00,0.01
10.312,-0.00,0.00,0.02
10.313,0.02,-0.01,-0.02
10.315,-0.01,-0.01,-0.01
10.316,-0.00,-0.01,-0.00
10.318,-0.01,-0.00,0.02
10.320,-0.00,-0.01,0.02
10.323,-0.00,-0.01,0.00
10.336,-0.01,-0.02,0.01
10.337,0.00,0.02,0.02
10.338,0.01,-0.00,-0.02
10.342,0.00,-0.02,-0.01
10.347,-0.00,-0.01,-0.00
10.373,-0.01,-0.01,0.02
10.374,0.00,0.00,-0.00
10.375,0.01,0.00,-0.02
10.376,0.01,-0.00,-0.04
10.382,-0.01,-0.00,-0.01
10.384,-0.01,-0.01,0.01
10.385,-0.01,-0.01,0.00
10.385,0.00,0.02,-0.02
10.408,0.01,0.01,0.00
10.409,0.02,0.01,-0.03
10.410,0.00,0.01,-0.03
10.410,-0.00,0.00,-0.01
10.410,0.00,-0.01,0.00
10.415,-0.00,-0.01,-0.00
10.420,-0.01,-0.01,-0.01
10.425,-0.01,-0.01,0.00
10.430,-0.01,-0.01,0.01
10.435,-0.01,-0.02,0.00
10.440,-0.01,-0.02,-0.02
10.444,-0.00,0.00,-0.02
10.449,-0.00,-0.01,0.01
10.461,0.00,-0.00,0.01
10.464,0.00,0.00,0.01
10.473,-0.00,0.00,0.01
10.475,0.01,0.00,-0.00
10.476,-0.00,0.01,-0.02
10.536,-0.00,0.00,-0.01
10.539,-0.00,0.01,0.01
10.541,-0.00,0.00,0.02
10.543,-0.00,0.01,0.01
10.545,-0.00,0.00,-0.01
10.546,0.01,0.01,-0.02
10.547,-0.00,0.00,-0.01
10.547,0.00,0.01,-0.02
10.548,0.00,-0.01,-0.01
10.548,-0.00,-0.00,0.01
10.549,-0.01,0.01,0.02
10.549,0.00,0.01,0.01
10.550,0.01,0.00,-0.01
10.550,0.00,0.01,-0.02
10.551,-0.01,0.01,0.01
10.552,0.00,-0.00,0.02
10.557,0.00,-0.00,0.01
10.561,-0.00,0.00,0.01
10.565,-0.00,-0.00,0.01
10.572,-0.01,0.00,0.01
10.574,-0.00,0.01,0.03
10.581,-0.00,0.01,0.02
10.610,0.00,-0.00,-0.00
10.611,-0.01,-0.02,-0.00
10.612,-0.00,-0.02,0.00
10.612,0.00,-0.01,0.00
10.613,-0.00,-0.01,0.02
10.613,-0.01,0.00,0.03
10.614,0.00,-0.02,0.01
10.620,0.01,0.01,0.01
10.623,0.01,0.01,0.00
10.628,0.01,-0.01,-0.01
10.633,0.01,-0.02,-0.01
10.638,0.01,-0.00,-0.02
10.643,0.01,-0.01,-0.01
10.648,0.01,-0.00,-0.01
10.657,0.01,-0.01,-0.01
10.659,0.00,-0.00,-0.00
10.670,-0.02,-0.02,-0.01
10.671,-0.02,-0.02,-0.00
10.672,-0.01,-0.01,-0.00
10.716,-0.01,0.00,-0.00
10.718,-0.01,0.01,-0.00
10.722,-0.00,0.01,0.01
10.724,0.00,0.00,0.00
10.725,-0.00,0.00,0.01
10.726,0.01,0.01,0.01
10.727,0.01,0.01,0.01
10.728,0.02,-0.01,-0.01
10.729,0.00,-0.00,-0.02
10.730,0.01,0.00,-0.00
10.731,0.01,-0.01,-0.00
10.732,-0.01,-0.00,-0.03
10.737,-0.02,0.01,-0.03
10.741,-0.02,-0.02,-0.00
10.746,-0.02,-0.02,-0.00
10.750,-0.01,-0.01,-0.01
10.755,0.01,0.01,-0.01
10.759,-0.00,-0.01,-0.00
10.765,-0.00,-0.01,-0.01
10.825,0.01,-0.01,-0.01
10.826,0.01,0.01,-0.02
10.827,0.01,0.00,-0.02
10.827,0.01,0.01,-0.03
10.828,0.00,0.01,-0.02
10.828,0.00,0.01,-0.02
10.828,-0.00,-0.00,-0.01
10.829,-0.01,-0.00,-0.02
10.830,-0.01,0.01,-0.03
10.830,-0.01,0.00,-0.01
10.831,-0.01,0.00,0.01
10.832,-0.01,-0.01,0.00
10.833,-0.00,0.02,0.00
10.834,-0.00,0.00,0.00
10.837,0.00,-0.00,0.00
10.842,0.00,-0.00,-0.01
10.847,0.01,-0.01,0.00
10.852,0.00,0.00,-0.00
10.860,0.00,-0.00,0.01
10.871,0.00,-0.00,0.00
10.871,0.00,0.00,-0.00
10.872,-0.00,0.00,-0.00
10.900,0.00,-0.01,-0.00
10.902,-0.01,-0.01,-0.01
10.902,0.00,-0.01,-0.02
10.903,-0.00,-0.00,0.01
10.904,0.00,-0.01,0.01
10.904,-0.01,-0.00,0.01
10.906,-0.00,-0.01,0.01
10.910,-0.00,-0.01,0.00
10.915,0.00,0.00,-0.00
10.920,0.00,0.00,-0.01
10.924,-0.01,0.00,0.01
10.929,0.01,-0.02,-0.00
10.934,0.00,0.00,0.00
10.939,0.00,0.01,0.01
10.944,-0.01,0.00,0.00
10.951,-0.01,-0.01,0.01
10.959,-0.01,0.01,-0.00
10.962,-0.01,0.01,0.00
10.966,0.00,-0.00,-0.00
10.968,0.01,-0.01,0.00
11.013,0.00,-0.00,0.02
11.015,0.01,0.00,0.02
11.015,0.02,0.00,-0.01
11.016,0.01,-0.00,-0.03
11.016,0.01,-0.00,-0.02
11.017,0.01,0.00,-0.02
11.018,0.01,0.00,-0.01
11.018,0.00,-0.01,-0.01
11.019,0.00,-0.01,-0.00
11.019,-0.01,-0.01,0.01
11.023,-0.01,0.01,-0.00
11.027,-0.01,0.00,-0.01
11.031,-0.01,0.01,0.01
11.037,-0.01,0.00,0.01
11.041,-0.00,0.02,0.01
11.046,0.00,0.02,0.02
11.051,0.00,0.00,0.00
11.061,0.01,0.00,-0.00
11.064,-0.00,0.00,-0.01
11.066,0.01,-0.03,0.00
11.100,0.00,-0.00,0.01
11.101,-0.00,-0.02,0.02
11.102,-0.01,0.00,0.00
11.102,-0.01,0.01,0.00
11.103,-0.00,-0.01,-0.00
11.103,-0.00,0.00,0.01
11.104,0.01,-0.02,-0.00
11.106,0.00,0.01,-0.01
11.110,0.00,-0.00,-0.01
11.114,0.01,-0.01,-0.01
11.119,0.00,0.00,-0.01
11.124,-0.00,-0.00,-0.00
11.128,-0.00,-0.01,0.01
11.134,-0.01,-0.01,0.00
11.140,-0.01,-0.01,-0.00
11.143,-0.00,0.00,0.00
11.148,-0.00,-0.01,0.01
11.155,-0.00,-0.00,0.02
11.190,0.00,0.00,-0.00
11.192,-0.00,0.01,0.01
11.193,0.00,0.01,0.02
11.197,0.01,0.02,-0.01
11.199,0.00,0.01,-0.00
11.200,-0.00,-0.01,0.00
11.201,-0.01,0.00,0.01
11.202,-0.01,0.00,-0.00
11.203,0.00,0.00,-0.00
11.204,-0.00,0.00,0.00
11.209,-0.01,-0.01,0.00
11.214,-0.00,0.01,0.02
11.216,-0.00,0.02,0.01
11.222,0.01,0.01,0.01
11.226,0.00,0.01,0.02
11.231,-0.01,0.01,0.01
11.235,0.00,-0.00,0.00
11.240,-0.00,-0.01,0.01
11.245,0.00,0.01,0.01
11.250,0.01,-0.00,0.00
11.260,-0.00,0.00,0.00
11.262,0.00,-0.00,0.00
11.264,0.00,-0.01,-0.01
11.307,0.01,0.01,-0.01
11.308,0.00,0.00,0.01
11.308,0.01,-0.00,-0.00
11.309,-0.00,0.00,-0.02
11.309,0.01,0.02,-0.03
11.310,-0.00,0.01,-0.01
11.310,-0.01,0.00,0.02
11.311,0.00,-0.01,-0.01
11.312,-0.00,-0.01,0.00
11.313,0.00,0.00,0.00
11.318,0.01,0.01,-0.01
11.323,-0.00,-0.01,-0.00
11.328,-0.00,0.01,0.01
11.333,0.00,-0.00,0.01
11.337,0.00,-0.01,0.01
11.342,-0.00,-0.00,0.02
11.348,-0.01,-0.01,0.00
11.353,0.01,-0.02,-0.01
11.363,0.00,0.00,0.00
11.365,-0.00,0.01,0.01
11.371,-0.00,0.01,0.01
11.374,-0.01,-0.00,-0.01
11.377,-0.00,0.00,0.01
11.381,0.01,-0.02,-0.00
11.386,0.00,-0.01,-0.01
11.410,0.01,-0.01,-0.02
11.412,-0.00,0.01,0.00
11.413,-0.00,-0.00,-0.01
11.415,-0.00,-0.01,-0.00
11.416,-0.00,-0.00,0.01
11.418,-0.00,-0.00,-0.00
11.422,-0.00,0.00,-0.01
11.425,0.00,0.01,-0.01
11.430,0.01,0.00,-0.02
11.434,0.00,0.01,0.01
11.441,0.00,0.00,0.01
11.446,-0.00,-0.00,0.00
11.454,-0.00,0.01,-0.01
11.491,0.01,0.00,-0.01
11.493,-0.00,0.02,-0.01
11.494,-0.01,-0.00,-0.00
11.496,-0.01,-0.00,0.00
11.497,-0.01,0.01,0.00
11.498,-0.01,0.01,0.01
11.499,-0.01,0.01,0.01
11.500,0.00,0.01,0.00
11.502,0.00,0.01,0.00
11.503,0.01,0.00,0.02
11.505,0.00,0.01,-0.00
11.509,0.01,0.00,-0.01
11.512,0.00,0.01,-0.00
11.518,-0.00,0.00,0.01
11.524,0.01,-0.01,-0.01
11.528,-0.00,-0.00,-0.01
11.532,-0.01,0.00,-0.00
11.537,-0.00,0.00,0.01
11.543,-0.00,0.00,0.01
11.547,-0.00,-0.00,-0.01
11.551,-0.00,-0.00,0.00
11.564,-0.01,-0.01,-0.00
11.567,0.00,0.00,0.01
11.581,-0.00,-0.00,0.02
11.583,-0.00,-0.00,0.01
11.587,0.00,0.00,0.01
11.588,-0.01,-0.00,0.01
11.589,-0.01,0.01,-0.00
11.591,-0.01,0.01,0.01
11.616,0.00,0.00,0.02
11.617,0.00,-0.00,-0.01
11.619,-0.01,0.01,0.01
11.620,-0.01,0.00,0.02
11.621,-0.01,-0.00,0.00
11.622,-0.01,-0.01,0.00
11.624,-0.03,-0.00,0.00
11.629,-0.02,-0.00,0.01
11.634,-0.01,0.01,0.01
11.641,-0.01,0.01,0.01
11.648,-0.00,0.00,0.00
11.649,-0.02,-0.00,0.01
11.679,-0.01,-0.01,0.00
11.685,-0.02,0.00,0.01
11.686,-0.01,0.00,0.01
11.687,0.02,-0.00,-0.00
11.689,0.01,-0.01,0.02
11.691,0.01,0.01,0.00
11.692,-0.00,0.01,0.01
11.693,0.01,0.02,-0.02
11.694,-0.01,-0.01,-0.02
11.698,-0.03,0.02,-0.04
11.702,-0.03,-0.00,-0.03
11.707,-0.03,-0.01,-0.01
11.711,-0.05,0.01,-0.03
11.717,-0.05,0.00,-0.04
11.721,-0.04,0.00,-0.01
11.726,-0.02,0.00,0.00
11.731,-0.03,0.01,-0.03
11.736,-0.04,0.00,-0.04
11.747,-0.06,0.00,-0.01
11.752,-0.09,0.00,-0.00
11.794,-0.14,0.01,-0.03
11.796,-0.22,0.02,-0.05
11.797,-0.22,0.03,-0.05
11.798,-0.19,0.04,-0.07
11.800,-0.19,0.04,-0.06
11.801,-0.20,0.03,-0.03
11.802,-0.23,-0.02,0.00
11.803,-0.28,-0.02,-0.02
11.804,-0.40,0.01,-0.09
11.806,-0.44,0.02,-0.06
11.807,-0.27,0.03,-0.10
11.808,-0.14,0.04,-0.15
11.809,0.04,0.03,-0.01
11.814,0.17,0.01,-0.01
11.818,0.29,-0.04,0.19
11.824,0.40,-0.07,0.06
11.829,0.41,-0.04,-0.00
11.834,0.43,0.01,0.02
11.841,0.42,0.04,-0.07
11.845,0.36,-0.00,0.05
11.848,0.34,0.01,-0.01
11.854,0.27,-0.02,0.04
11.858,0.25,-0.04,0.03
11.863,0.14,-0.05,0.07
11.867,0.07,-0.02,0.04
11.884,-0.01,0.02,-0.04
11.887,-0.09,0.02,-0.05
11.890,-0.11,0.03,-0.02
11.968,-0.10,0.01,0.03
11.972,-0.06,0.01,-0.01
11.976,0.02,-0.01,-0.04
11.980,0.07,-0.01,0.05
11.982,0.12,-0.04,0.07
11.984,0.10,-0.02,0.07
11.986,0.03,-0.00,0.01
11.987,-0.00,0.01,0.02
11.988,-0.08,0.01,0.04
11.989,-0.05,0.00,-0.00
11.991,-0.06,0.05,-0.02
11.992,-0.05,0.02,-0.02
11.993,-0.00,-0.02,0.12
11.995,0.01,-0.01,0.10
11.996,0.03,-0.01,0.04
11.998,-0.04,0.01,0.02
11.999,-0.07,0.02,-0.02
12.001,-0.08,0.00,-0.02
12.002,-0.02,0.03,-0.06
12.004,0.03,0.00,0.01
12.006,0.01,0.00,0.03
12.007,0.05,-0.02,0.08
12.009,-0.01,-0.01,0.03
12.010,-0.09,-0.00,-0.07
12.012,-0.25,0.03,-0.04
12.014,-0.24,0.01,-0.03
12.015,-0.26,0.01,0.03
12.018,-0.13,0.03,-0.04
12.023,-0.14,0.05,-0.01
12.032,-0.01,-0.01,-0.04
12.034,0.10,-0.04,-0.01
12.037,0.16,0.02,-0.01
12.091,0.27,-0.03,0.03
12.095,0.26,-0.00,0.09
12.095,0.20,0.04,0.01
12.096,0.08,0.06,-0.03
12.097,-0.01,0.05,-0.11
12.097,-0.09,0.01,-0.07
12.098,-0.19,-0.03,-0.01
12.098,-0.34,0.03,-0.03
12.099,-0.28,-0.03,-0.08
12.099,-0.26,-0.00,-0.12
12.100,-0.21,0.03,-0.05
12.101,-0.23,0.05,-0.02
12.101,-0.18,-0.06,0.01
12.105,-0.23,-0.00,-0.07
12.123,-0.19,-0.01,-0.07
12.124,-0.10,0.04,-0.12
12.125,-0.01,0.02,-0.15
12.125,-0.02,0.04,-0.06
12.129,0.05,-0.01,-0.01
12.134,-0.02,-0.01,0.05
12.138,0.08,-0.01,0.02
12.166,0.12,0.02,-0.02
12.167,0.06,0.08,-0.03
12.167,0.20,0.01,-0.05
12.168,0.14,0.03,-0.03
12.168,0.19,0.01,-0.06
12.170,0.17,-0.01,0.07
12.172,0.31,-0.01,0.12
12.178,0.29,0.01,0.10
12.183,0.42,0.03,0.05
12.187,0.40,0.04,0.08
12.196,0.43,-0.01,0.08
12.204,0.46,-0.04,0.08
12.205,0.45,0.03,0.04
12.236,0.47,0.03,0.07
12.238,0.42,-0.00,0.11
12.239,0.16,0.00,0.13
12.240,-0.02,-0.04,0.05
12.242,-0.12,-0.03,-0.01
12.243,-0.18,0.03,-0.02
12.244,-0.21,-0.01,-0.04
12.247,-0.17,-0.04,0.04
12.249,-0.14,0.02,0.10
12.250,-0.02,-0.00,0.05
12.255,0.11,-0.03,0.07
12.263,0.14,0.03,0.11
12.271,0.17,-0.01,0.18
12.272,0.16,0.00,0.10
12.317,0.11,-0.03,-0.01
12.319,-0.03,0.02,-0.02
12.320,-0.15,0.01,0.02
12.321,-0.16,-0.00,0.02
12.322,-0.14,0.02,-0.11
12.325,-0.13,0.02,-0.08
12.327,-0.05,-0.03,0.08
12.330,0.03,-0.04,0.16
12.331,0.09,0.01,0.11
12.342,0.14,0.03,-0.00
12.343,0.12,0.01,0.02
12.343,0.09,-0.01,0.01
12.344,0.02,0.01,-0.06
12.344,-0.06,-0.00,-0.05
12.345,-0.12,0.00,-0.02
12.347,-0.15,-0.01,-0.03
12.353,-0.13,-0.00,-0.07
12.358,-0.10,0.03,-0.04
12.362,-0.04,0.04,0.04
12.412,0.05,-0.01,0.03
12.414,0.13,-0.00,-0.03
12.415,0.12,0.02,-0.00
12.416,0.09,0.01,0.02
12.417,0.06,-0.00,-0.01
12.418,0.01,0.02,-0.12
12.419,-0.07,0.04,-0.12
12.420,-0.10,0.03,-0.03
12.421,-0.11,-0.00,-0.00
12.422,-0.11,0.02,-0.04
12.427,-0.05,0.01,-0.06
12.429,0.00,0.00,0.02
12.431,0.07,-0.00,0.05
12.432,0.11,0.00,-0.01
12.435,0.10,0.03,-0.02
12.441,0.08,0.03,-0.03
12.449,0.03,0.01,-0.03
12.452,-0.02,0.01,-0.06
12.455,-0.06,0.01,-0.04
12.466,-0.05,-0.03,0.01
12.467,-0.09,-0.03,0.04
12.469,-0.07,-0.02,-0.02
12.474,-0.02,-0.01,-0.04
12.521,0.01,-0.02,0.00
12.524,0.07,-0.03,0.06
12.526,0.11,-0.04,0.08
12.527,0.06,-0.02,0.09
12.528,0.05,-0.03,0.09
12.528,0.01,-0.01,0.00
12.529,-0.03,0.01,-0.10
12.529,-0.05,-0.02,-0.07
12.530,-0.05,-0.03,0.00
12.530,-0.05,-0.05,0.08
12.531,-0.06,-0.00,0.03
12.533,-0.02,0.01,0.02
12.537,0.03,0.01,0.03
12.542,0.06,-0.02,0.10
12.547,0.05,-0.04,0.12
12.552,0.02,-0.01,0.11
12.557,-0.02,-0.01,0.11
12.564,-0.03,0.01,0.02
12.567,-0.03,0.01,-0.08
12.582,-0.07,0.01,-0.08
12.584,-0.05,-0.03,0.03
12.585,-0.05,-0.02,0.09
12.587,-0.01,0.01,0.05
12.619,0.03,0.02,-0.05
12.621,0.06,0.03,-0.01
12.622,0.07,-0.03,0.03
12.624,0.05,-0.01,0.06
12.626,0.02,0.00,0.03
12.627,0.01,0.00,0.00
12.628,0.02,0.02,-0.04
12.629,0.02,0.03,-0.08
12.634,0.01,-0.00,-0.07
12.636,0.00,-0.01,-0.01
12.643,-0.00,-0.03,0.00
12.645,-0.01,-0.01,-0.02
12.650,-0.01,0.02,-0.01
12.653,0.01,0.03,-0.01
12.658,0.01,0.03,-0.03
12.663,0.03,0.02,-0.05
12.668,-0.00,-0.01,-0.01
12.673,-0.01,-0.03,0.02
12.681,-0.01,-0.02,0.01
12.685,-0.01,-0.00,-0.01
12.689,-0.02,0.03,-0.00
12.756,-0.01,0.01,0.04
12.757,0.01,0.01,0.02
12.758,0.00,0.00,0.01
12.759,0.04,0.02,0.05
12.760,0.06,0.02,0.04
12.760,0.05,0.00,0.00
12.761,0.05,0.01,-0.01
12.761,0.05,0.03,0.03
12.762,0.07,0.04,0.02
12.762,0.08,0.04,-0.01
12.763,0.05,0.05,-0.03
12.763,0.00,0.04,-0.06
12.764,-0.01,0.01,-0.03
12.764,-0.01,-0.00,0.01
12.765,-0.02,0.02,-0.01
12.771,-0.01,0.01,0.01
12.772,-0.00,0.02,0.01
12.775,0.05,0.02,-0.02
12.781,0.07,0.03,-0.02
12.825,0.08,0.02,0.01
12.826,0.02,-0.02,-0.01
12.827,0.00,-0.04,0.01
12.827,0.03,0.01,-0.02
12.828,0.13,0.04,-0.02
12.828,0.17,0.06,0.02
12.828,0.23,0.04,0.06
12.829,0.27,-0.03,0.07
12.829,0.30,-0.01,0.04
12.830,0.33,-0.05,0.08
12.833,0.28,-0.02,0.04
12.838,0.21,0.03,0.04
12.843,0.07,0.05,-0.02
12.849,-0.06,0.02,0.04
12.853,-0.06,0.03,0.02
12.858,-0.06,0.01,0.09
12.863,-0.06,0.02,-0.00
12.868,-0.19,-0.01,0.02
12.873,-0.30,0.02,-0.02
12.882,-0.30,-0.02,-0.00
12.885,-0.23,0.04,-0.05
12.893,-0.26,0.09,-0.07
12.894,-0.38,0.04,-0.03
12.941,-0.42,-0.02,-0.02
12.943,-0.41,0.00,-0.03
12.945,-0.33,0.02,-0.08
12.946,-0.27,-0.00,-0.03
12.947,-0.26,-0.03,0.02
12.949,-0.23,-0.05,0.03
12.950,-0.25,-0.02,-0.02
12.951,-0.17,-0.00,-0.03
12.952,-0.01,0.00,-0.01
12.953,0.10,0.04,0.03
12.954,0.16,0.02,0.11
12.956,0.08,-0.04,0.12
12.957,-0.00,-0.07,0.05
12.961,-0.02,-0.02,-0.00
12.964,-0.05,0.06,-0.03
12.969,-0.03,0.00,-0.06
12.974,-0.07,-0.01,-0.11
12.989,-0.07,-0.01,-0.11
12.990,0.01,-0.03,-0.01
12.990,0.07,-0.03,0.09
13.046,0.06,0.01,0.06
13.048,0.04,0.05,-0.00
13.049,0.01,0.08,-0.04
13.051,0.03,0.02,-0.07
13.052,0.03,-0.03,-0.08
13.053,-0.03,-0.03,-0.08
13.054,-0.06,-0.05,-0.04
13.055,-0.06,-0.02,-0.03
13.055,-0.03,0.04,-0.04
13.056,-0.02,0.06,-0.03
13.056,0.00,0.04,-0.01
13.057,-0.01,-0.01,0.03
13.057,0.00,-0.02,0.05
13.058,0.01,-0.03,0.00
13.062,0.02,0.02,-0.03
13.066,0.03,0.03,-0.04
13.071,0.01,0.03,-0.01
13.080,-0.05,0.02,0.02
13.085,-0.08,-0.01,0.06
13.087,-0.06,0.00,-0.01
13.131,-0.02,-0.02,-0.06
13.134,-0.00,0.01,-0.09
13.136,0.03,0.01,-0.08
13.137,0.04,0.01,0.01
13.137,0.04,0.01,0.06
13.140,0.06,0.03,0.06
13.140,0.05,0.04,0.00
13.141,0.06,0.02,-0.05
13.141,0.03,0.03,-0.07
13.142,-0.00,0.00,-0.04
13.143,-0.02,-0.01,-0.03
13.144,0.00,-0.01,-0.03
13.149,0.01,-0.01,0.02
13.154,-0.00,0.05,0.06
13.159,-0.02,0.07,0.06
13.169,0.01,0.03,0.00
13.170,0.00,-0.00,0.01
13.177,0.01,-0.03,0.07
13.181,-0.00,-0.04,0.13
13.203,-0.01,-0.02,0.09
13.204,-0.02,-0.00,0.06
13.206,-0.03,0.00,0.04
13.207,-0.03,0.00,0.11
13.209,-0.03,-0.01,0.09
13.210,-0.01,-0.03,0.07
13.213,0.03,-0.03,0.04
13.217,0.02,-0.01,0.04
13.221,0.01,0.00,0.07
13.226,0.01,0.00,0.09
13.232,0.00,0.01,0.09
13.237,0.01,-0.03,0.08
13.242,-0.01,-0.04,0.06
13.246,-0.01,-0.00,0.03
13.252,-0.01,0.01,0.02
13.256,-0.01,0.01,0.03
13.262,-0.00,0.02,0.04
13.265,-0.00,-0.02,-0.00
13.270,0.00,0.00,0.03
13.275,0.01,-0.01,0.02
13.287,0.01,-0.01,-0.01
13.288,0.02,0.02,-0.05
13.293,0.01,0.02,-0.03
13.328,-0.01,-0.00,-0.01
13.330,-0.01,-0.02,-0.02
13.331,0.00,0.01,-0.04
13.334,-0.01,0.01,-0.04
13.338,-0.01,0.02,-0.02
13.349,-0.01,0.02,-0.04
13.350,-0.01,-0.00,-0.05
13.352,0.01,-0.00,-0.07
13.353,0.01,0.02,-0.03
13.354,0.02,0.00,-0.02
13.355,0.01,0.02,-0.04
13.356,0.01,0.01,-0.07
13.357,0.01,-0.01,-0.07
13.358,-0.01,0.00,-0.04
13.363,-0.00,-0.01,-0.03
13.368,-0.01,-0.00,-0.04
13.373,-0.01,0.01,-0.05
13.378,0.01,-0.01,-0.06
13.382,0.00,-0.01,-0.07
13.387,-0.01,0.02,-0.05
13.391,0.01,-0.00,-0.03
13.410,0.01,-0.01,-0.04
13.413,0.00,0.01,-0.05
13.414,0.00,-0.00,-0.05
13.416,-0.01,-0.00,-0.05
13.418,-0.00,0.02,-0.03
13.421,-0.00,0.01,-0.01
13.427,-0.01,-0.00,0.02
13.439,0.00,-0.02,0.02
13.440,0.01,-0.02,-0.01
13.442,-0.01,-0.01,0.01
13.447,0.00,-0.02,0.03
13.450,0.00,-0.03,0.01
13.456,-0.01,-0.02,0.02
13.467,-0.01,-0.00,0.05
13.468,-0.01,-0.01,0.07
13.470,-0.01,-0.02,0.08
13.475,-0.04,-0.01,0.02
13.547,-0.03,-0.00,0.01
13.553,-0.01,0.01,0.03
13.556,-0.02,-0.00,0.04
13.558,-0.01,0.01,0.04
13.561,-0.01,0.00,0.05
13.563,-0.00,0.01,0.04
13.565,-0.00,-0.00,0.00
13.566,-0.02,0.02,-0.00
13.567,-0.01,0.03,0.00
13.568,0.02,0.01,0.03
13.569,0.00,0.01,0.02
13.570,0.01,0.00,-0.01
13.572,-0.04,0.00,-0.01
13.573,-0.08,0.00,0.01
13.574,-0.08,-0.00,0.01
13.575,-0.05,0.02,-0.03
13.577,-0.05,0.03,0.02
13.578,-0.05,0.02,0.03
13.579,-0.03,0.01,0.05
13.580,-0.00,-0.01,0.05
13.582,0.02,0.02,0.03
13.583,0.03,0.01,0.01
13.586,0.04,0.00,0.02
13.591,0.01,0.00,0.03
13.598,-0.00,-0.01,0.01
13.606,-0.03,0.02,0.03
13.607,-0.01,0.00,0.02
13.611,-0.01,0.00,0.02
13.637,-0.01,0.02,0.01
13.639,-0.02,0.01,0.05
13.640,-0.01,0.01,0.02
13.642,-0.03,0.01,-0.02
13.643,-0.01,0.02,-0.01
13.645,0.01,0.02,-0.02
13.646,0.04,0.01,-0.02
13.650,0.06,0.00,0.02
13.655,0.07,0.01,0.04
13.659,0.06,0.00,0.02
13.664,0.08,0.02,-0.03
13.669,0.04,0.02,-0.06
13.674,0.01,0.03,-0.03
13.685,-0.02,0.00,-0.02
13.687,-0.05,0.01,-0.07
13.689,-0.05,0.02,-0.09
13.698,-0.08,0.01,-0.05
13.700,-0.13,0.01,-0.03
13.761,-0.19,0.02,-0.02
13.761,-0.23,0.03,-0.04
13.762,-0.21,0.05,-0.04
13.763,-0.17,0.03,-0.03
13.764,-0.08,0.01,-0.02
13.765,-0.02,0.00,-0.01
13.765,0.04,-0.03,-0.01
13.766,0.01,-0.03,0.05
13.766,0.04,-0.05,0.01
13.766,-0.01,-0.02,-0.03
13.767,-0.02,0.03,-0.01
13.767,-0.06,0.04,0.02
13.768,-0.02,0.05,0.03
13.768,-0.01,0.00,0.01
13.771,0.02,-0.00,0.02
13.776,0.06,-0.06,0.06
13.781,0.08,-0.06,-0.00
13.785,0.12,0.01,0.02
13.790,0.18,0.04,-0.01
13.795,0.24,0.02,0.06
13.801,0.27,0.03,0.09
13.805,0.30,-0.02,0.10
13.810,0.24,-0.02,0.08
13.863,0.11,-0.01,0.01
13.864,-0.01,-0.05,0.00
13.865,-0.11,0.00,-0.04
13.866,-0.17,0.03,-0.03
13.866,-0.17,0.04,-0.02
13.867,-0.13,0.04,-0.04
13.868,-0.09,0.02,-0.02
13.868,-0.03,-0.04,-0.01
13.869,-0.01,-0.04,0.02
13.869,-0.02,-0.04,0.02
13.870,-0.01,0.01,0.03
13.871,-0.01,0.04,0.05
13.873,0.06,0.01,0.01
13.877,0.09,0.03,0.00
13.882,0.12,-0.01,0.02
13.888,0.16,-0.04,0.05
13.892,0.13,-0.05,0.03
13.899,0.11,-0.05,0.00
13.901,0.09,-0.02,-0.01
13.906,0.05,0.00,-0.01
13.912,0.05,0.03,0.02
13.985,0.04,0.03,0.03
13.988,0.05,0.01,0.03
13.990,0.05,-0.02,-0.01
13.992,0.06,-0.03,-0.02
13.992,0.06,-0.04,0.00
13.993,0.03,-0.02,0.01
13.993,0.00,-0.01,-0.01
13.994,-0.00,0.01,-0.02
13.994,-0.00,0.02,-0.03
13.995,0.01,-0.00,-0.03
13.995,0.03,-0.01,-0.04
13.996,0.03,-0.03,-0.03
13.996,0.04,-0.04,-0.00
13.997,0.00,-0.02,0.02
13.997,-0.02,-0.00,-0.00
13.998,-0.02,0.03,0.00
13.999,-0.01,0.02,-0.00
13.999,0.00,0.01,-0.03
14.004,0.01,-0.01,-0.01
14.009,0.01,-0.03,-0.00
14.018,0.01,-0.02,0.01
14.024,0.01,-0.02,-0.02
14.025,0.00,-0.03,-0.01
14.028,-0.01,-0.00,0.03
14.073,-0.02,0.01,0.02
14.075,-0.02,0.00,-0.02
14.077,-0.02,0.01,-0.04
14.078,-0.01,-0.01,0.00
14.079,0.01,-0.01,0.00
14.080,0.01,-0.02,-0.01
14.082,-0.01,0.02,0.01
14.083,0.00,-0.00,-0.01
14.084,-0.01,0.01,0.01
14.086,-0.01,0.01,-0.03
14.088,-0.01,0.01,-0.03
14.094,-0.01,0.00,-0.00
14.096,-0.01,-0.00,0.03
14.098,-0.01,0.01,0.02
14.101,0.01,0.03,-0.02
14.106,0.02,0.02,-0.01
14.111,0.01,0.01,0.01
14.117,-0.01,0.00,0.02
14.121,-0.01,0.01,-0.00
14.174,-0.01,-0.01,0.00
14.176,-0.01,-0.01,0.01
14.177,-0.01,-0.01,0.02
14.177,-0.02,-0.00,0.03
14.178,-0.01,0.01,0.03
14.178,0.00,0.01,0.03
14.178,0.00,-0.01,0.01
14.179,-0.01,0.01,0.01
14.180,-0.00,0.01,0.02
14.180,0.00,-0.00,0.03
14.181,0.01,-0.03,-0.01
14.181,0.02,-0.02,-0.01
14.184,0.04,0.00,0.01
14.189,0.03,-0.01,0.02
14.193,0.02,0.01,-0.01
14.201,0.01,0.00,-0.04
14.224,0.01,-0.01,-0.05
14.225,0.03,-0.03,0.00
14.226,0.04,-0.03,0.06
14.227,0.03,0.01,0.04
14.228,0.05,-0.02,0.02
14.229,0.04,-0.00,0.03
14.257,0.04,-0.01,0.05
14.258,0.04,-0.03,0.06
14.259,0.05,-0.02,0.01
14.259,0.05,-0.01,0.03
14.260,0.02,-0.03,0.04
14.260,-0.01,-0.00,0.04
14.261,-0.01,-0.00,0.02
14.266,-0.03,0.02,0.01
14.271,-0.04,0.01,0.02
14.275,-0.01,-0.01,0.00
14.287,0.01,-0.01,-0.01
14.292,0.02,-0.01,-0.02
14.293,0.08,-0.02,-0.01
14.301,0.13,-0.02,0.04
14.313,0.15,-0.00,0.07
14.315,0.18,0.04,0.07
14.315,0.17,0.04,0.05
14.316,0.13,0.01,0.01
14.341,0.09,0.04,-0.05
14.342,0.17,0.03,-0.03
14.343,0.22,0.02,-0.01
14.343,0.25,0.01,0.08
14.344,0.27,0.02,0.08
14.345,0.26,0.02,0.02
14.349,0.21,0.03,-0.08
14.353,0.21,0.02,-0.01
14.358,0.08,0.02,-0.05
14.363,0.06,0.01,-0.03
14.370,-0.01,0.02,-0.09
14.375,0.04,0.03,0.02
14.383,0.00,0.05,-0.00
14.385,0.02,0.04,0.07
14.420,-0.01,0.01,-0.11
14.422,-0.01,0.02,-0.03
14.424,0.06,0.03,-0.04
14.425,0.10,0.06,0.02
14.425,0.04,0.03,-0.08
14.426,-0.14,0.03,-0.04
14.426,-0.29,0.03,-0.00
14.427,-0.11,0.07,-0.01
14.427,-0.19,0.02,-0.06
14.437,0.11,0.09,-0.03
14.441,-0.14,0.00,0.04
14.441,0.08,-0.07,0.03
14.446,-0.18,-0.05,0.04
14.450,0.03,0.02,-0.15
14.456,-0.03,0.02,0.05
14.460,0.04,0.11,-0.13
14.471,0.06,0.03,0.09
14.472,0.06,-0.01,-0.09
14.476,0.20,-0.11,0.08
14.480,0.11,-0.03,0.06
14.522,0.23,-0.04,0.07
14.523,0.09,0.01,0.01
14.525,0.07,0.08,-0.01
14.526,0.12,0.08,0.04
14.527,0.10,0.02,-0.10
14.528,0.02,-0.04,0.00
14.529,-0.17,-0.11,0.04
14.530,-0.19,-0.11,0.02
14.531,-0.15,0.00,-0.01
14.531,-0.20,0.14,-0.17
14.534,-0.14,0.08,0.03
14.538,-0.21,0.01,0.03
14.542,-0.24,-0.14,0.04
14.547,-0.36,-0.11,-0.04
14.552,-0.31,-0.08,-0.05
14.558,-0.27,-0.02,-0.06
14.562,-0.25,0.11,-0.08
14.569,-0.30,0.09,-0.04
14.580,-0.29,0.02,-0.02
14.585,-0.32,-0.10,0.01
14.587,-0.17,-0.11,-0.00
14.588,-0.08,-0.03,0.04
14.628,0.03,0.01,0.03
14.629,0.08,0.06,0.04
14.629,0.13,0.04,0.01
14.630,0.18,-0.00,-0.01
14.630,0.23,-0.04,0.04
14.631,0.23,-0.07,0.07
14.631,0.18,-0.07,0.09
14.631,0.11,-0.04,0.04
14.632,0.07,0.02,0.03
14.636,0.09,0.06,-0.01
14.640,0.12,0.08,0.03
14.645,0.14,0.04,0.06
14.653,0.20,-0.02,0.05
14.654,0.25,-0.06,0.03
14.659,0.31,-0.05,-0.03
14.664,0.29,-0.02,0.07
14.673,0.31,0.04,0.09
14.676,0.31,0.06,0.01
14.679,0.24,0.05,0.07
14.733,0.30,0.07,0.03
14.735,0.28,-0.04,0.09
14.737,0.29,-0.15,0.12
14.738,0.22,-0.07,-0.11
14.739,0.02,-0.07,0.17
14.740,0.34,0.10,-0.11
14.741,0.03,0.09,0.07
14.742,0.08,0.13,-0.18
14.743,-0.28,-0.15,0.10
14.743,-0.09,-0.10,-0.03
14.744,-0.33,-0.08,0.04
14.744,-0.18,0.12,-0.16
14.745,-0.44,0.03,0.11
14.746,-0.15,0.07,-0.16
14.753,-0.59,-0.02,-0.03
14.757,-0.47,0.01,-0.29
14.761,-0.63,-0.11,-0.03
14.770,-0.45,0.02,-0.07
14.775,-0.47,0.01,0.12
14.777,-0.36,0.09,-0.18
14.780,-0.51,-0.03,-0.00
14.805,-0.44,0.05,-0.13
14.807,-0.44,-0.00,0.03
14.808,-0.31,0.05,-0.11
14.809,-0.32,0.00,0.01
14.810,-0.24,0.02,-0.08
14.811,-0.26,-0.02,0.01
14.814,-0.22,0.03,-0.13
14.819,-0.20,0.04,-0.00
14.824,-0.16,0.08,-0.08
14.829,-0.15,0.02,0.03
14.834,-0.11,-0.00,-0.06
14.839,-0.10,-0.02,-0.03
14.844,-0.04,-0.03,-0.08
14.851,-0.02,-0.01,-0.04
14.854,0.02,0.05,-0.06
14.860,0.04,0.06,-0.03
14.865,0.06,0.03,-0.04
14.870,0.09,0.02,0.00
14.876,0.11,-0.03,0.02
14.883,0.06,-0.03,0.03
14.905,0.09,0.01,0.02
14.907,0.11,0.03,0.02
14.909,0.08,0.06,-0.04
14.911,0.10,0.03,-0.01
14.915,0.12,-0.03,-0.02
14.916,0.12,-0.03,0.01
14.917,0.20,-0.06,0.00
14.965,0.18,-0.02,0.01
14.966,0.18,0.01,0.01
14.967,0.13,0.05,0.05
14.968,0.07,0.03,0.05
14.968,0.08,0.02,0.07
14.969,0.11,0.04,0.03
14.969,0.16,0.04,0.01
14.970,0.25,0.01,0.02
14.970,0.21,0.02,0.05
14.971,0.02,-0.02,0.06
14.971,-0.07,-0.08,0.07
14.972,-0.17,0.00,-0.03
14.976,-0.21,0.04,-0.06
14.981,-0.20,0.04,-0.08
14.986,-0.24,0.03,-0.01
14.989,-0.31,-0.01,-0.00
14.995,-0.28,-0.09,0.03
15.006,-0.19,-0.06,-0.03
15.008,-0.16,-0.04,-0.04
15.059,-0.08,0.05,0.03
15.060,0.06,0.04,0.08
15.061,0.07,0.05,-0.02
15.062,0.08,0.00,0.03
15.062,0.08,-0.07,0.05
15.063,0.06,-0.08,0.07
15.066,-0.01,-0.05,-0.00
15.067,-0.12,0.03,-0.01
15.068,-0.17,0.06,0.01
15.068,-0.11,0.05,-0.01
15.071,-0.00,0.07,-0.02
15.072,0.11,0.00,0.03
15.073,0.13,-0.10,0.08
15.076,0.21,-0.08,0.13
15.078,0.23,-0.07,0.07
15.082,0.20,0.05,0.01
15.089,0.16,0.10,0.02
15.091,0.06,0.07,-0.01
15.096,0.07,-0.02,-0.00
15.102,-0.01,-0.04,-0.05
15.129,0.05,-0.10,0.03
15.130,0.04,-0.02,0.03
15.131,-0.02,0.05,0.11
15.131,0.07,0.05,0.05
15.131,0.09,0.03,0.05
15.132,0.18,0.06,0.01
15.136,0.18,0.06,0.03
15.141,0.19,-0.07,0.02
15.145,0.13,-0.08,0.09
15.152,0.06,-0.08,-0.06
15.155,0.03,-0.04,0.06
15.160,0.01,0.04,-0.01
15.165,-0.13,0.12,-0.11
15.170,-0.16,0.05,0.08
15.175,-0.24,-0.04,-0.12
15.180,-0.30,-0.08,0.11
15.195,-0.16,-0.06,-0.16
15.199,-0.15,0.05,-0.01
15.205,0.08,0.14,-0.10
15.206,-0.07,0.08,0.13
15.207,0.04,-0.04,-0.06
15.265,-0.11,-0.04,0.05
15.267,-0.12,0.02,-0.25
15.267,-0.06,-0.01,0.12
15.268,-0.03,0.07,-0.13
15.268,-0.15,0.11,0.17
15.269,-0.20,0.06,-0.13
15.270,-0.05,-0.04,0.02
15.270,-0.27,-0.03,-0.10
15.271,0.00,-0.02,-0.04
15.272,-0.20,-0.02,0.04
15.272,0.09,-0.01,0.00
15.273,-0.18,-0.02,-0.05
15.273,-0.00,0.05,-0.10
15.274,-0.15,0.08,-0.01
15.276,-0.01,0.04,0.03
15.281,-0.04,-0.02,0.01
15.286,-0.09,-0.01,-0.10
15.292,-0.19,-0.03,-0.05
15.295,-0.10,-0.01,-0.13
15.301,-0.05,-0.02,0.00
15.316,-0.03,0.06,-0.12
15.321,-0.07,0.02,0.10
15.322,-0.04,0.00,-0.03
15.323,-0.15,-0.03,-0.03
15.325,-0.10,-0.01,-0.10
15.330,-0.07,0.02,-0.01
15.353,0.14,0.03,0.02
15.355,0.09,-0.01,-0.09
15.356,0.13,-0.02,-0.09
15.357,0.00,-0.09,0.01
15.359,0.09,-0.00,0.07
15.361,0.05,0.03,0.09
15.363,0.17,0.08,-0.06
15.371,0.12,0.00,0.03
15.374,0.19,0.02,-0.00
15.378,0.23,-0.02,0.14
15.383,0.14,0.08,-0.03
15.389,0.15,0.04,0.13
15.401,0.33,0.02,-0.02
15.401,0.08,-0.07,-0.09
15.432,0.26,-0.06,-0.02
15.433,0.02,-0.00,0.08
15.434,0.30,0.06,0.12
15.435,0.17,0.05,0.18
15.435,0.07,0.05,-0.12
15.436,0.00,-0.08,0.26
15.437,0.09,-0.00,-0.17
15.438,-0.01,0.00,0.18
15.443,0.18,0.04,-0.16
15.446,0.03,-0.06,0.14
15.453,-0.08,-0.06,-0.10
15.456,-0.07,-0.11,0.08
15.461,-0.04,0.04,-0.00
15.465,0.17,0.09,0.12
15.470,0.10,0.07,0.11
15.475,0.00,0.02,0.12
15.480,-0.10,-0.10,0.01
15.494,-0.09,-0.04,-0.04
15.495,-0.00,0.08,0.01
15.505,0.18,0.05,0.00
15.506,0.09,0.02,-0.01
15.507,0.07,-0.04,0.05
15.585,-0.02,0.02,0.06
15.588,0.06,-0.00,0.09
15.589,0.17,-0.04,0.02
15.590,-0.06,0.03,0.08
15.592,-0.09,0.01,-0.02
15.593,-0.37,-0.02,-0.12
15.594,-0.41,-0.01,-0.17
15.602,-0.15,0.04,-0.01
15.604,-0.10,0.10,0.07
15.605,0.07,0.03,0.03
15.607,-0.22,0.02,0.08
15.608,0.06,-0.01,-0.10
15.609,-0.32,-0.02,0.08
15.610,0.27,-0.02,-0.04
15.611,-0.15,0.15,0.09
15.612,0.06,0.06,0.02
15.613,-0.12,-0.11,0.01
15.614,-0.00,-0.04,-0.02
15.616,-0.09,0.07,-0.11
15.617,-0.00,-0.03,0.14
15.618,0.17,-0.03,0.09
15.619,0.03,0.03,-0.03
15.620,0.20,-0.08,-0.10
15.621,-0.02,-0.04,-0.02
15.626,0.06,0.07,-0.14
15.630,-0.08,0.03,0.09
15.639,0.08,0.04,-0.01
15.644,-0.21,0.02,-0.04
15.645,-0.17,-0.04,0.15
15.650,0.08,0.03,-0.09
15.674,-0.46,0.14,0.05
15.675,0.17,0.10,-0.05
15.676,-0.15,0.05,0.13
15.676,0.36,0.00,-0.13
15.676,-0.00,0.05,0.07
15.679,0.53,-0.01,-0.09
15.684,0.28,0.02,0.19
15.689,0.52,0.03,-0.13
15.694,0.46,0.00,0.29
15.699,0.34,0.08,-0.23
15.710,0.29,-0.09,0.22
15.713,0.40,-0.02,-0.11
15.767,0.46,-0.13,0.24
15.768,0.37,0.00,-0.21
15.769,0.18,-0.13,-0.01
15.770,0.12,-0.03,0.02
15.771,0.17,-0.10,0.07
15.772,0.08,0.20,-0.04
15.776,-0.01,-0.03,0.03
15.778,0.18,0.11,-0.08
15.779,-0.27,-0.10,0.08
15.780,-0.04,-0.03,-0.14
15.781,-0.17,-0.06,0.05
15.782,0.04,0.04,-0.14
15.783,0.00,-0.01,0.06
15.784,0.11,0.20,0.03
15.785,0.04,-0.05,0.07
15.789,0.00,0.01,0.05
15.792,-0.08,-0.16,-0.04
15.796,-0.10,-0.02,0.01
15.800,-0.08,-0.04,0.01
15.806,0.09,0.06,-0.03
15.811,-0.01,0.10,0.12
15.815,0.07,0.03,-0.06
15.875,0.02,-0.01,0.16
15.876,0.29,-0.02,-0.03
15.878,0.11,0.00,0.15
15.878,0.12,-0.02,-0.00
15.879,-0.11,-0.02,0.06
15.880,0.22,0.05,0.05
15.881,0.19,0.17,-0.06
15.882,0.64,0.20,0.34
15.883,0.37,-0.06,-0.12
15.884,0.28,-0.12,0.33
15.884,0.13,-0.20,-0.27
15.885,-0.09,0.00,-0.06
15.886,0.25,0.05,0.12
15.886,-0.01,0.27,-0.08
15.890,-0.17,0.00,-0.21
15.895,-0.42,-0.08,-0.04
15.899,-0.07,-0.05,-0.02
15.913,-0.37,-0.14,0.03
15.916,-0.00,-0.03,-0.03
15.918,-0.31,-0.03,0.22
15.934,-0.20,0.17,-0.10
15.935,-0.39,0.02,-0.08
15.937,-0.19,0.03,-0.11
15.938,-0.36,-0.02,-0.01
15.939,-0.04,-0.02,0.21
15.980,-0.41,-0.11,-0.08
15.982,-0.26,-0.05,-0.04
15.983,-0.77,0.03,-0.19
15.985,-0.40,-0.01,0.04
15.986,-0.74,-0.07,-0.27
15.988,-0.47,0.07,0.10
15.989,-0.76,0.03,-0.21
15.990,-0.36,-0.01,0.18
15.991,-0.35,-0.03,-0.28
15.992,-0.01,0.10,0.13
15.992,-0.16,-0.05,-0.37
15.995,0.02,-0.03,0.35
16.000,-0.10,0.02,-0.30
16.007,-0.23,-0.01,0.26
16.015,-0.21,0.15,-0.21
16.015,-0.02,0.06,0.28
16.019,-0.07,0.05,-0.33
16.057,0.01,-0.03,0.19
16.065,-0.01,-0.01,-0.39
16.067,0.07,-0.27,0.33
16.068,0.23,-0.06,-0.32
16.070,0.30,-0.13,0.37
16.071,0.33,0.07,-0.39
16.073,0.23,0.10,0.33
16.074,0.17,0.16,-0.50
16.076,0.09,-0.22,0.12
16.077,0.21,0.01,-0.25
16.079,0.14,-0.11,0.31
16.080,0.18,-0.01,-0.15
16.084,-0.04,-0.05,0.18
16.094,-0.02,0.07,-0.38
16.097,-0.05,0.06,0.28
16.098,-0.05,-0.01,-0.19
16.102,-0.11,-0.03,0.30
16.141,-0.41,0.15,-0.36
16.145,-0.04,0.01,0.36
16.147,0.23,0.16,-0.63
16.150,0.34,-0.10,0.25
16.153,0.12,0.05,-0.30
16.155,0.07,-0.15,0.37
16.155,-0.22,-0.04,-0.33
16.156,0.27,0.08,0.40
16.156,-0.36,0.18,-0.47
16.156,0.18,-0.01,0.60
16.157,-0.64,0.20,-0.48
16.160,-0.17,-0.12,0.45
16.164,-0.63,0.02,-0.63
16.169,-0.27,-0.01,0.57
16.176,-0.55,0.08,-0.56
16.180,-0.28,-0.12,0.53
16.185,-0.78,0.17,-0.62
16.232,-0.52,-0.10,0.38
16.234,-1.15,-0.02,-0.65
16.236,-0.56,-0.05,0.34
16.237,-1.15,0.03,-0.48
16.239,-0.37,0.02,0.33
16.240,-1.37,-0.04,-0.34
16.241,-0.40,-0.07,0.14
16.243,-1.26,-0.12,-0.35
16.244,-0.13,0.11,0.05
16.246,-0.88,-0.01,-0.05
16.247,0.12,0.16,0.07
16.249,-0.63,-0.16,0.03
16.250,0.10,0.07,-0.06
16.254,-0.48,-0.17,0.10
16.258,0.08,0.13,-0.10
16.262,-0.36,-0.04,0.15
16.267,0.08,0.19,-0.26
16.274,-0.20,-0.12,0.23
16.277,0.16,0.11,-0.21
16.284,0.08,-0.18,0.34
16.287,0.26,0.10,-0.31
16.298,0.15,-0.10,0.30
16.300,0.17,0.14,-0.25
16.327,0.14,-0.01,0.24
16.328,0.14,0.14,-0.22
16.328,0.22,-0.08,0.24
16.329,0.16,-0.02,-0.08
16.330,0.20,-0.09,0.14
16.330,0.02,-0.02,-0.15
16.331,0.00,0.01,0.05
16.348,-0.21,0.02,-0.11
16.349,-0.19,0.01,-0.02
16.349,-0.42,0.01,-0.09
16.350,-0.33,-0.00,-0.01
16.354,-0.51,-0.01,-0.10
16.359,-0.46,-0.02,-0.15
16.383,-0.67,-0.03,-0.16
16.384,-0.59,0.01,-0.12
16.385,-0.60,0.02,-0.08
16.386,-0.31,0.07,-0.15
16.388,-0.27,-0.00,-0.09
16.390,-0.04,-0.02,-0.08
16.415,-0.01,-0.06,0.12
16.418,0.07,0.07,-0.01
16.419,0.09,0.07,0.11
16.420,0.17,0.09,-0.03
16.421,0.15,0.03,0.09
16.423,0.11,0.06,-0.06
16.424,0.04,-0.02,-0.02
16.427,-0.01,-0.06,-0.08
16.431,-0.09,-0.05,-0.10
16.437,-0.17,0.07,-0.09
16.441,-0.18,0.04,-0.03
16.446,-0.18,0.04,-0.03
16.451,-0.17,0.04,-0.08
16.457,-0.13,0.01,-0.15
16.461,-0.10,-0.05,0.03
16.465,-0.11,-0.03,0.02
16.471,-0.13,0.02,-0.02
16.476,-0.12,0.06,-0.04
16.480,-0.13,0.09,-0.05
16.485,-0.12,0.01,-0.04
16.503,-0.14,0.01,-0.11
16.514,-0.13,-0.03,-0.04
16.515,-0.11,-0.02,0.02
16.515,-0.08,0.00,-0.02
16.516,-0.11,0.05,-0.07
16.518,-0.11,0.05,-0.08
16.541,-0.11,0.03,-0.02
16.543,-0.12,-0.01,-0.00
16.544,-0.14,-0.02,-0.04
16.545,-0.13,-0.01,0.01
16.547,-0.12,0.02,0.06
16.548,-0.11,0.06,0.02
16.548,-0.12,0.08,-0.02
16.553,-0.16,0.05,0.00
16.558,-0.12,-0.03,-0.01
16.563,-0.03,-0.03,-0.01
16.568,-0.03,-0.00,-0.06
16.573,0.03,-0.01,0.03
16.578,0.04,-0.04,0.03
16.582,0.11,-0.04,-0.01
16.588,0.01,0.01,-0.03
16.596,0.00,0.01,-0.01
16.599,0.04,-0.03,0.10
16.609,0.10,0.00,0.01
16.610,0.13,0.02,0.03
16.665,0.17,-0.02,0.03
16.667,0.15,-0.05,0.13
16.668,0.18,-0.05,0.02
16.668,0.13,0.01,0.04
16.669,0.19,-0.04,0.04
16.669,0.22,-0.06,0.11
16.670,0.26,-0.03,0.04
16.671,0.20,0.02,0.05
16.671,0.17,0.02,0.01
16.672,0.16,-0.03,0.07
16.673,0.13,-0.04,0.00
16.674,0.01,-0.02,0.01
16.675,-0.04,-0.07,-0.01
16.675,-0.00,-0.08,-0.01
16.679,-0.03,0.02,-0.07
16.685,-0.03,0.06,-0.01
16.693,0.03,-0.03,0.04
16.698,-0.03,-0.06,0.03
16.699,-0.06,-0.06,-0.02
16.703,-0.02,-0.07,-0.05
16.726,-0.04,-0.02,0.06
16.728,-0.02,-0.01,0.11
16.729,-0.04,0.00,0.09
16.729,-0.04,0.01,0.06
16.729,0.00,-0.05,0.13
16.733,0.00,-0.02,0.22
16.739,-0.02,0.03,0.24
16.743,0.06,0.04,0.10
16.751,0.08,0.03,0.09
16.752,0.09,0.03,0.08
16.759,0.07,0.00,0.10
16.762,0.08,-0.03,0.10
16.768,0.09,-0.03,0.09
16.776,0.13,-0.03,0.04
16.779,0.13,-0.02,-0.03
16.782,0.15,0.02,-0.04
16.787,0.15,0.05,0.02
16.793,0.19,0.02,0.06
16.797,0.20,-0.01,0.04
16.802,0.24,-0.03,0.01
16.818,0.26,-0.01,0.03
16.823,0.34,0.03,0.10
16.826,0.42,0.08,0.11
16.827,0.53,0.10,0.12
16.829,0.55,0.07,0.08
16.890,0.54,-0.02,0.10
16.895,0.53,-0.01,0.12
16.898,0.62,0.04,0.08
16.901,0.75,0.12,0.17
16.903,0.91,0.09,0.19
16.906,0.92,0.03,0.09
16.908,0.77,-0.00,0.10
16.910,0.80,-0.07,0.01
16.912,0.95,0.08,0.14
16.915,1.08,0.13,0.11
16.917,1.32,0.12,0.21
16.920,1.12,0.06,0.15
16.922,1.05,-0.03,0.01
16.925,0.92,0.07,0.13
16.926,1.34,0.04,0.13
16.927,1.13,0.23,0.07
16.928,1.44,0.12,0.25
16.929,1.00,-0.10,-0.07
16.931,1.23,0.20,0.27
16.932,1.01,0.00,0.05
16.933,1.24,0.32,0.38
16.934,0.59,-0.08,-0.16
16.941,0.80,0.15,0.34
16.952,0.94,-0.06,0.12
16.954,1.08,0.21,0.00
16.956,0.77,0.19,0.28
17.037,0.74,0.11,-0.13
17.040,0.19,-0.18,0.41
17.042,0.68,0.27,-0.20
17.044,0.65,-0.01,0.31
17.045,0.85,0.23,-0.24
17.046,0.30,-0.01,0.22
17.047,0.33,-0.02,-0.01
17.048,0.05,-0.00,-0.26
17.049,0.49,0.53,0.40
17.052,0.24,0.60,-0.17
17.052,1.72,0.47,0.05
17.053,-0.13,-0.28,-1.66
17.053,1.40,-0.55,0.24
17.054,1.31,-0.18,0.42
17.055,0.80,-0.17,-1.08
17.055,1.16,0.20,0.35
17.056,1.06,0.68,0.48
17.057,0.70,0.40,0.33
17.064,0.98,0.23,0.67
17.064,1.18,-0.03,0.45
17.065,2.35,-0.01,-0.25
17.066,0.82,-0.64,0.19
17.066,1.56,-0.24,1.31
17.072,0.99,-0.72,0.53
17.073,0.54,-0.51,0.56
17.090,0.97,0.13,-0.84
17.092,0.70,0.52,0.63
17.093,0.68,1.18,1.94
17.094,0.20,0.23,0.57
17.097,0.52,-0.24,0.98
17.102,1.95,-0.86,-0.45
17.112,0.89,-0.53,-0.25
17.113,0.94,-0.20,1.28
17.116,1.17,0.23,2.03
17.121,0.88,0.18,1.38
17.127,1.06,0.77,0.32
17.132,-0.00,0.68,-0.44
17.137,1.16,0.06,0.59
17.142,1.99,-0.26,0.50
17.147,0.51,-0.09,0.03
17.151,1.02,0.03,0.89
17.159,1.47,-0.48,0.07
17.162,0.94,0.26,0.47
17.166,1.31,0.53,0.19
17.177,1.22,0.85,-0.26
17.179,0.95,0.49,0.43
17.186,1.53,-0.26,0.06
17.205,1.64,-0.52,-0.88
17.208,1.15,-0.44,0.36
17.209,1.91,-0.48,-0.29
17.210,1.33,0.28,0.19
17.211,1.16,0.98,0.27
17.214,1.46,1.14,-0.16
17.215,1.43,0.38,0.44
17.226,1.90,-0.24,-0.30
17.227,2.17,-0.55,0.08
17.229,1.97,-0.40,0.25
17.261,2.12,-0.04,-0.00
17.262,1.75,0.15,0.88
17.263,1.70,0.17,0.94
17.263,1.81,-0.01,-0.16
17.264,1.89,0.38,-0.42
17.264,1.45,0.35,0.61
17.264,1.01,-0.24,1.95
17.267,0.66,-0.15,1.16
17.272,0.83,-0.34,0.27
17.277,0.56,-0.27,-0.68
17.281,0.56,0.39,-0.23
17.287,0.35,0.27,0.72
17.292,0.62,0.34,1.02
17.300,-0.02,0.11,1.27
17.303,0.11,-0.23,-0.01
17.307,-0.36,-0.15,-0.27
17.348,-0.91,-0.31,-0.11
17.349,-1.12,-0.40,0.50
17.350,-0.97,-0.37,-0.08
17.351,-1.13,0.20,-0.63
17.351,-1.56,0.72,0.22
17.351,-1.97,0.41,0.67
17.352,-2.06,0.03,0.39
17.352,-2.55,-0.15,-0.66
17.353,-3.05,-0.14,-0.98
17.355,-2.87,-0.27,-0.46
17.361,-2.58,-0.33,-0.33
17.364,-3.16,-0.32,-0.47
17.370,-3.20,-0.12,-0.33
17.376,-3.28,0.17,-0.79
17.379,-3.54,0.51,-0.73
17.384,-3.50,0.75,-0.63
17.389,-2.97,-0.20,-0.36
17.394,-2.00,-0.55,-0.74
17.398,-1.76,-0.75,-1.66
17.403,-2.43,-0.54,-1.37
17.427,-1.02,-0.18,-1.33
17.428,-1.94,0.03,-0.73
17.429,-0.17,1.22,-0.04
17.430,-1.79,0.84,-0.27
17.432,-0.31,0.43,-1.01
17.434,-0.68,-0.25,-1.62
17.437,-0.18,-0.39,-1.48
17.457,0.09,-0.56,-0.28
17.458,-0.34,-0.45,0.10
17.459,0.21,-0.18,-0.45
17.459,-0.16,0.14,-0.82
17.461,-0.17,0.52,0.10
17.466,0.12,0.46,0.40
17.471,-0.08,0.13,-0.22
17.476,0.24,-0.19,-0.09
17.480,-0.27,-0.29,0.18
17.486,1.01,-0.39,0.55
17.490,0.09,-0.29,-0.15
17.496,0.57,0.03,0.06
17.501,-0.27,0.35,-0.01
17.505,0.40,0.04,0.73
17.547,0.09,-0.32,0.15
17.548,0.02,-0.14,0.37
17.550,0.16,-0.21,0.88
17.550,-0.15,-0.43,0.44
17.551,0.25,-0.23,0.38
17.551,-0.18,-0.20,0.26
17.552,0.34,-0.18,0.15
17.553,-0.26,-0.18,0.33
17.553,0.54,-0.20,0.54
17.554,0.34,-0.18,-0.36
17.563,0.92,-0.05,0.22
17.565,0.44,-0.53,0.51
17.568,1.45,-0.51,0.59
17.573,1.24,-0.30,0.26
17.578,1.41,-0.16,-0.21
17.583,0.92,0.15,0.31
17.588,0.94,0.04,0.54
17.611,1.30,-0.36,0.20
17.615,1.48,-0.16,-0.71
17.616,0.26,0.04,-0.07
17.616,0.88,-0.39,-0.06
17.618,0.23,-0.29,0.08
17.619,0.45,0.06,-0.01
17.621,-0.29,0.45,-0.85
17.656,-0.34,0.25,-0.79
17.658,-0.66,-0.02,-0.96
17.659,-0.58,0.04,-1.03
17.660,-1.25,0.02,-0.72
17.661,-0.91,-0.02,-0.89
17.663,-1.87,0.03,-1.61
17.664,-2.01,0.23,-1.18
17.665,-2.21,0.20,-0.77
17.666,-2.10,-0.07,-1.12
17.670,-1.59,0.06,-0.50
17.675,-2.01,0.18,-0.92
17.685,-2.41,-0.07,-0.96
17.686,-1.80,-0.24,-0.60
17.689,-1.73,-0.25,-0.25
17.715,-1.72,-0.16,-0.00
17.717,-1.55,-0.14,-0.08
17.718,-2.02,-0.05,-1.03
17.719,-2.04,0.21,-0.77
17.720,-2.27,-0.03,-0.08
17.721,-1.73,-0.05,0.05
17.723,-1.35,-0.09,0.35
17.730,-1.17,-0.00,-0.06
17.733,-1.23,-0.16,-0.56
17.738,-1.01,-0.31,-0.09
17.744,-0.84,-0.42,0.54
17.748,-0.49,-0.23,0.19
17.753,-0.25,0.20,0.32
17.758,0.31,0.30,-0.01
17.762,0.05,-0.01,-0.10
17.768,0.33,-0.26,0.53
17.772,0.75,-0.79,0.78
17.778,1.40,-0.61,-0.04
17.784,1.32,0.19,0.11
17.789,1.30,0.39,0.14
17.795,1.44,-0.03,0.63
17.798,1.82,-0.20,1.00
17.803,1.96,0.21,0.25
17.809,1.04,0.42,0.18
17.821,1.80,0.13,0.43
17.824,1.66,-0.35,1.01
17.826,2.48,-0.25,0.32
17.827,1.26,0.68,0.50
17.885,0.86,0.88,-0.04
17.886,1.37,0.47,0.79
17.887,1.46,-0.10,0.39
17.887,1.47,-0.05,-0.21
17.888,0.75,0.20,-0.56
17.889,0.46,0.02,-0.12
17.889,-0.27,0.12,-0.39
17.890,-0.63,-0.01,0.12
17.890,-0.95,0.52,-0.52
17.890,-1.56,0.77,-0.70
17.891,-2.10,0.32,-0.86
17.891,-1.81,0.05,-0.78
17.892,-2.45,-0.29,-0.22
17.894,-2.09,-0.17,-0.38
17.899,-2.29,0.02,-0.40
17.904,-2.92,0.25,-0.31
17.908,-2.69,0.25,-0.28
17.914,-3.18,-0.09,-0.52
17.918,-2.89,-0.03,-0.64
17.923,-3.56,0.12,-0.31
17.934,-3.42,0.16,-0.39
17.935,-3.50,-0.08,-0.53
17.957,-3.46,-0.22,-0.93
17.959,-3.50,-0.33,-1.18
17.960,-3.66,-0.23,-0.66
17.962,-2.73,-0.17,-0.15
17.963,-3.06,0.19,-0.72
17.964,-2.35,0.28,0.04
17.967,-2.06,-0.12,-0.28
17.972,-1.36,-0.46,-0.41
17.977,-1.07,-0.54,0.07
17.981,-0.32,-0.39,-0.35
17.986,-0.29,-0.09,0.29
17.991,0.41,0.09,0.71
18.002,1.17,-0.00,0.04
18.004,1.54,0.36,0.91
18.057,2.19,0.19,0.62
18.058,2.54,0.04,0.56
18.059,3.13,-0.21,0.69
18.060,3.53,-0.24,0.58
18.060,3.69,0.12,0.45
18.061,3.72,0.29,1.28
18.061,4.26,0.54,0.77
18.062,4.41,0.60,0.66
18.063,4.02,0.44,1.19
18.064,4.89,0.15,1.27
18.064,4.22,-0.16,1.17
18.065,4.60,0.25,0.25
18.065,3.32,0.26,1.23
18.073,3.59,0.63,0.74
18.075,2.21,0.36,0.89
18.080,2.32,0.72,0.66
18.084,1.61,0.52,0.25
18.088,1.22,-0.35,0.58
18.092,1.36,-0.01,0.10
18.099,-0.41,-0.25,0.42
18.102,0.05,0.17,-0.04
18.107,-1.95,0.02,0.15
18.185,-1.25,0.39,-0.15
18.187,-3.51,0.22,-0.31
18.188,-2.32,0.20,-0.37
18.188,-3.89,-0.48,-0.58
18.189,-3.14,-0.32,-0.72
18.189,-4.44,-0.49,-0.60
18.190,-3.39,-0.06,-0.99
18.191,-4.53,0.11,-0.61
18.191,-4.11,0.17,-0.82
18.192,-4.37,-0.18,-0.99
18.192,-4.21,-0.09,-1.14
18.193,-4.33,-0.06,-1.18
18.194,-4.54,-0.25,-1.11
18.195,-3.97,-0.13,-1.29
18.196,-4.57,-0.16,-1.70
18.196,-3.69,0.09,-1.86
18.197,-3.70,0.19,-1.63
18.198,-3.42,0.35,-1.27
18.200,-2.78,0.36,-1.17
18.205,-2.93,0.06,-0.97
18.210,-1.88,-0.30,-0.38
18.217,-1.33,-1.03,-0.44
18.221,-0.33,-1.03,-0.73
18.224,-0.12,-0.75,-0.93
18.295,0.43,-0.17,-1.17
18.297,0.05,0.18,-0.64
18.298,0.67,0.23,0.03
18.300,0.39,-0.39,0.30
18.301,1.91,-0.65,-0.64
18.303,2.28,-0.89,-1.78
18.304,3.54,-0.70,-0.79
18.305,4.66,-0.31,0.02
18.307,4.30,0.11,-0.13
18.309,4.91,0.23,1.12
18.311,4.03,0.07,0.87
18.313,4.98,-0.40,-0.25
18.315,5.18,-0.66,0.53
18.317,5.28,0.20,1.03
18.319,4.74,0.16,2.12
18.321,4.25,0.01,2.29
18.324,3.70,0.59,1.38
18.325,2.98,0.35,2.34
18.325,2.24,0.25,1.54
18.326,2.59,0.08,1.06
18.326,1.32,0.68,1.19
18.331,0.07,0.63,1.29
18.335,0.14,-0.07,1.60
18.341,-0.12,0.21,-0.58
18.351,-1.96,1.07,-1.73
18.353,-1.81,0.80,2.62
18.357,-1.59,-0.35,0.84
18.360,-2.20,-0.29,-0.70
18.387,-3.25,0.50,-1.63
18.389,-3.62,0.76,2.18
18.390,-4.19,0.41,0.54
18.392,-3.74,0.73,0.23
18.393,-5.18,0.71,1.38
18.395,-4.69,0.19,0.20
18.396,-3.79,-0.28,-1.23
18.399,-5.08,-0.12,-1.65
18.404,-5.60,0.06,-1.33
18.409,-5.41,0.08,-1.19
18.418,-4.89,0.32,-1.18
18.422,-5.05,0.51,-1.23
18.424,-4.72,0.59,-1.33
18.459,-4.66,0.18,-1.30
18.461,-3.44,-0.17,-1.19
18.462,-2.77,-0.30,-1.55
18.462,-2.25,-0.18,-1.64
18.462,-1.62,-0.25,-1.32
18.463,-0.66,-0.52,-1.01
18.466,0.27,-0.82,-0.83
18.466,1.71,-0.94,-1.00
18.474,1.93,-1.12,-1.18
18.475,2.26,-1.59,-0.65
18.476,3.17,-2.04,-0.88
18.481,4.14,-2.08,-1.55
18.486,4.81,-1.47,-1.62
18.491,4.87,-0.97,-1.57
18.500,5.61,-0.50,-1.26
18.502,6.71,0.21,2.72
18.565,4.76,0.57,6.66
18.570,4.43,0.98,6.47
18.571,8.00,-1.42,1.67
18.571,6.19,-0.82,5.85
18.572,5.17,-0.14,0.53
18.572,4.68,0.25,-0.78
18.574,3.84,1.07,6.75
18.575,3.91,0.96,0.82
18.575,1.56,2.70,3.91
18.576,2.62,0.13,0.51
18.576,2.21,0.61,-1.01
18.577,0.44,1.09,-1.74
18.577,0.04,0.59,-0.35
18.578,0.33,-0.95,3.46
18.578,-2.53,0.06,0.12
18.579,-1.57,1.13,0.37
18.585,-3.53,0.42,0.09
18.588,-3.38,0.36,-1.44
18.593,-3.79,0.41,-1.63
18.599,-4.18,0.89,-1.70
18.605,-5.01,0.97,-1.35
18.612,-5.25,0.33,0.30
18.614,-5.03,0.50,-0.48
18.640,-5.38,-0.01,-0.93
18.641,-5.26,-0.29,-1.60
18.641,-5.38,-0.39,-1.91
18.642,-4.90,-0.22,-1.64
18.642,-5.86,-0.41,-1.47
18.643,-4.70,-0.25,-0.92
18.646,-4.72,-0.36,-0.99
18.651,-4.20,-0.34,-1.32
18.657,-3.54,-0.30,-1.44
18.661,-3.87,-0.21,-1.49
18.667,-3.10,0.14,-1.46
18.672,-2.86,0.70,-1.69
18.677,-2.34,1.31,-1.77
18.682,-1.64,1.03,-1.41
18.686,-0.73,-0.11,-1.08
18.691,0.41,-1.20,-0.93
18.696,1.28,-1.30,-1.49
18.705,1.25,-0.90,-1.43
18.707,1.79,-0.26,-0.95
18.712,2.38,-0.01,-0.94
18.784,2.62,0.42,-1.69
18.789,2.80,0.50,-2.19
18.792,2.85,-0.03,-1.59
18.795,3.97,-0.64,-1.10
18.798,4.21,-1.17,-1.57
18.800,4.56,-1.01,-1.92
18.803,4.71,-0.59,-1.77
18.804,4.65,-0.78,13.53
18.806,4.52,-0.11,7.31
18.807,4.04,0.69,3.79
18.809,3.69,-0.33,2.76
18.810,4.33,-0.38,2.44
18.812,3.91,0.31,1.85
18.813,3.06,0.09,2.05
18.815,3.57,-0.33,2.43
18.816,2.90,-0.17,3.22
18.818,2.20,-0.49,1.64
18.819,1.39,-0.11,0.53
18.820,0.13,0.63,0.77
18.821,-0.39,0.34,0.77
18.823,-1.02,0.06,0.63
18.824,-2.03,0.10,-0.06
18.826,-2.33,0.40,0.07
18.827,-2.66,0.47,-0.73
18.831,-2.47,0.38,-0.85
18.836,-3.38,0.20,-0.86
18.841,-3.40,0.37,0.42
18.846,-3.89,-0.09,0.53
18.853,-4.45,-0.17,-0.92
18.856,-4.13,-0.03,-1.07
18.860,-4.05,0.10,-0.69
18.913,-3.60,-0.23,-1.12
18.917,-3.76,-0.16,-1.18
18.920,-3.15,0.19,-1.11
18.922,-3.77,0.23,-1.23
18.924,-3.89,0.12,-1.06
18.924,-4.39,0.08,-1.35
18.925,-2.63,0.18,-1.56
18.926,-3.06,0.42,-2.17
18.927,-3.07,0.60,-1.87
18.927,-1.43,0.74,-1.11
18.928,-0.38,1.07,-0.84
18.928,-0.49,0.75,-0.79
18.929,1.15,0.40,-1.01
18.930,0.88,-0.22,-1.81
18.938,1.21,0.20,-1.42
18.939,1.85,0.33,-0.61
18.942,2.42,-0.24,-0.69
18.952,3.82,-0.18,-1.42
18.955,3.44,0.26,-1.62
18.960,3.51,0.71,-2.06
18.964,2.14,1.07,-2.29
19.029,3.42,1.75,-1.41
19.030,5.27,-0.03,4.13
19.031,4.62,0.24,5.98
19.032,2.18,0.88,3.73
19.033,4.10,-0.46,0.74
19.034,5.85,-1.01,-0.19
19.034,4.86,-0.63,-1.83
19.035,3.62,-0.39,-3.61
19.036,3.06,-0.77,-2.11
19.036,4.48,-1.60,9.85
19.037,2.05,0.14,4.23
19.037,1.12,-0.48,0.13
19.038,1.63,-2.24,2.11
19.038,0.99,-1.15,-0.58
19.039,-0.90,-0.33,-0.91
19.040,-0.27,-0.16,-1.46
19.045,-1.67,-0.14,-2.12
19.050,-2.26,-0.16,-0.99
19.055,-2.96,-0.23,-1.55
19.060,-2.46,-0.54,1.73
19.072,-3.69,-0.39,-0.71
19.074,-3.85,0.08,-1.14
19.155,-4.58,-0.22,1.25
19.157,-3.88,-0.56,-0.05
19.158,-4.39,-0.69,1.56
19.158,-3.99,0.01,0.91
19.159,-5.31,0.62,-1.44
19.160,-4.84,0.66,-1.27
19.161,-4.32,0.06,-1.20
19.161,-3.80,-0.19,-0.98
19.162,-4.00,-0.12,-1.33
19.162,-3.59,0.44,-1.60
19.163,-4.00,0.64,1.33
19.164,-3.46,0.21,3.23
19.164,-1.73,-0.34,-0.17
19.165,-2.41,0.54,-1.65
19.165,-1.70,1.11,-2.00
19.166,-1.49,0.39,-2.18
19.167,-0.32,-0.18,-1.61
19.167,-0.20,0.45,0.90
19.168,0.68,0.38,-0.74
19.168,0.66,0.90,-1.32
19.171,0.84,0.82,0.56
19.176,0.99,0.28,3.16
19.186,1.93,0.34,1.97
19.188,3.21,0.58,-0.09
19.190,1.28,0.15,-0.85
19.255,3.03,-0.28,1.44
19.256,3.71,-0.65,-0.31
19.257,2.85,-0.86,-1.59
19.258,3.41,-0.02,-0.01
19.258,3.34,0.24,0.36
19.259,3.52,0.54,0.11
19.259,3.11,0.51,0.33
19.260,3.30,0.09,0.34
19.260,2.83,-0.38,-0.03
19.261,4.95,0.15,0.11
19.261,1.79,-0.59,-1.15
19.262,3.20,-0.85,-0.14
19.263,2.63,-0.39,-1.02
19.263,0.92,0.08,-1.97
19.264,1.30,0.67,-1.48
19.269,0.84,0.38,-1.40
19.281,1.63,-0.67,2.56
19.283,1.10,-0.66,2.98
19.284,-0.55,-0.21,-0.08
19.290,-0.19,-0.05,-0.43
19.293,-0.44,0.33,0.33
19.315,-2.66,1.17,-1.32
19.316,-2.80,1.63,-0.38
19.317,-3.72,1.39,-1.51
19.317,-2.81,-0.01,-0.35
19.317,-1.72,-0.32,7.83
19.321,-3.51,-0.42,1.08
19.326,-3.32,-0.35,-0.45
19.332,-2.31,-0.69,-1.11
19.336,-2.06,-0.26,-1.79
19.341,-2.08,0.43,-2.19
19.346,-3.01,0.07,-2.46
19.352,-3.44,-0.44,-1.58
19.355,-3.53,-0.44,-1.48
19.362,-3.12,-0.36,-1.71
19.395,-1.59,-0.61,-1.78
19.396,-1.44,-1.33,-1.93
19.397,-1.15,-1.23,-1.50
19.398,-1.40,-0.79,-1.59
19.398,-0.69,-0.03,7.18
19.399,-0.29,-0.51,1.03
19.399,1.06,-0.32,1.89
19.400,1.02,-0.58,0.32
19.404,1.93,-0.17,0.27
19.409,2.08,-0.41,3.54
19.413,2.43,-1.31,1.55
19.428,3.41,-0.73,-0.50
19.429,3.14,-0.47,2.03
19.440,3.97,-0.04,-0.63
19.441,3.47,0.25,0.04
19.441,3.21,0.11,1.47
19.442,3.50,0.28,2.66
19.455,3.22,0.35,1.19
19.457,3.35,0.72,1.40
19.458,3.49,0.67,0.73
19.462,3.31,0.33,0.84
19.468,2.14,0.05,-0.33
19.472,2.38,0.50,-0.23
19.477,1.45,0.68,0.20
19.482,0.86,0.76,2.33
19.487,0.81,0.68,0.26
19.491,-0.91,1.07,1.08
19.496,-0.38,1.09,0.14
19.501,-1.33,0.40,-0.91
19.507,-1.42,0.09,-0.91
19.511,-1.67,0.16,-0.34
19.528,-2.38,-0.05,-1.16
19.535,-3.00,-0.02,-1.57
19.537,-2.99,0.05,-1.11
19.538,-3.85,-0.14,-0.40
19.541,-3.63,-0.22,-0.43
19.543,-3.41,-0.22,-0.52
19.547,-3.92,0.04,-1.15
19.605,-3.95,0.38,-1.34
19.610,-4.16,0.40,-0.74
19.615,-4.04,0.57,-0.19
19.619,-3.79,0.51,-0.10
19.622,-3.63,0.84,-0.52
19.624,-3.63,0.90,-0.83
19.625,-3.37,0.38,-1.24
19.625,-2.59,-0.17,-1.93
19.626,-2.19,-0.14,-2.40
19.627,-2.04,0.14,-2.27
19.627,-1.75,0.61,-1.57
19.628,-1.48,0.91,-0.67
19.628,-1.15,0.63,-0.69
19.629,-0.29,0.06,-1.40
19.630,0.55,-0.27,-1.77
19.630,0.85,-0.09,-1.26
19.631,0.61,0.08,-1.30
19.634,0.95,0.19,-0.99
19.639,1.39,0.17,-1.25
19.642,2.13,-0.04,-1.83
19.654,2.32,-0.34,-2.10
19.655,2.48,-0.26,-1.82
19.658,2.64,0.08,9.02
19.662,2.32,-0.64,8.09
19.712,2.40,0.37,11.88
19.714,3.13,-1.19,4.53
19.715,5.20,-1.70,2.81
19.715,2.76,-1.75,-2.16
19.716,2.45,-0.37,0.56
19.716,3.18,0.55,0.21
19.717,2.59,0.82,-0.55
19.718,1.99,0.11,-1.99
19.718,2.15,-0.48,-2.66
19.719,2.65,-0.93,5.15
19.719,0.96,-1.19,0.83
19.720,2.54,-0.37,-0.65
19.725,-0.55,0.45,-1.78
19.730,0.36,0.45,-1.43
19.736,0.32,-0.36,-0.44
19.744,0.70,-0.44,-0.20
19.745,-0.63,0.31,-1.41
19.786,-1.55,0.52,-1.42
19.788,-1.12,-0.15,-1.19
19.789,-1.08,-0.48,-1.51
19.790,-1.35,0.10,-1.85
19.791,-2.06,-0.15,1.36
19.792,-2.43,0.83,0.42
19.793,-3.66,0.64,-0.54
19.795,-2.21,0.28,-1.04
19.796,-2.47,0.31,-1.95
19.797,-2.76,0.46,-2.11
19.798,-2.66,0.07,-1.76
19.803,-2.91,-0.25,-1.49
19.807,-2.93,-0.14,-0.23
19.812,-3.03,-0.14,1.84
19.820,-2.36,-0.27,0.10
19.824,-2.54,0.24,0.59
19.826,-2.21,0.12,0.20
19.831,-1.78,-0.05,-0.32
19.870,-1.34,-0.11,-0.51
19.871,-1.15,-0.39,0.13
19.872,-0.09,-0.88,0.26
19.873,0.98,-1.29,1.18
19.874,1.17,-1.29,0.03
19.875,1.43,-0.61,0.38
19.876,1.73,-0.08,0.48
19.877,1.96,0.32,0.82
19.878,2.58,0.41,0.62
19.880,2.72,0.11,0.74
19.885,3.79,-0.33,0.54
19.890,3.59,-0.75,1.07
19.894,4.12,-1.04,1.16
19.904,3.83,-0.57,1.23
19.905,3.90,-0.08,0.77
19.909,3.84,0.68,0.08
19.915,3.12,1.38,-0.00
19.927,2.64,1.12,0.08
19.928,3.02,0.59,0.99
19.930,2.96,0.33,0.29
19.939,2.51,0.49,0.23
19.940,2.22,0.48,0.77
19.943,1.76,0.30,-0.13
19.953,1.88,0.51,-0.02
19.954,0.74,0.93,-0.08
19.991,0.28,0.98,0.55
19.992,-0.19,0.68,1.18
19.993,-0.38,0.24,0.70
19.994,-0.70,-0.06,-0.27
19.994,-1.42,-0.22,-0.75
19.994,-1.94,-0.23,-1.14
19.995,-2.66,-0.15,-0.24
19.995,-2.91,-0.15,0.35
19.996,-3.27,-0.13,0.06
